fixture	strategy	state
machine:edge-cases/alpha-variable-name-collision	PlanComposed	refused
machine:edge-cases/alpha-variable-name-collision	TemplatedUnderlyingTokens	refused
machine:edge-cases/alpha-variable-name-collision	TunedSurfaceProbed	oracle_exact
machine:edge-cases/bistratal-overlapping-segment-representation	PlanComposed	oracle_exact
machine:edge-cases/bistratal-overlapping-segment-representation	TemplatedUnderlyingTokens	refused
machine:edge-cases/bistratal-overlapping-segment-representation	TunedSurfaceProbed	oracle_exact
machine:edge-cases/chained-output-feature-override-loss	PlanComposed	oracle_exact
machine:edge-cases/chained-output-feature-override-loss	TemplatedUnderlyingTokens	oracle_exact
machine:edge-cases/chained-output-feature-override-loss	TunedSurfaceProbed	oracle_exact
machine:edge-cases/compounding-breadth	PlanComposed	oracle_exact
machine:edge-cases/compounding-breadth	TemplatedUnderlyingTokens	oracle_exact
machine:edge-cases/compounding-breadth	TunedSurfaceProbed	oracle_exact
machine:edge-cases/cross-table-root-respelling	PlanComposed	oracle_exact
machine:edge-cases/cross-table-root-respelling	TemplatedUnderlyingTokens	refused
machine:edge-cases/cross-table-root-respelling	TunedSurfaceProbed	oracle_exact
machine:edge-cases/deep-optional-affix-nesting	PlanComposed	unmeasurable
machine:edge-cases/deep-optional-affix-nesting	TemplatedUnderlyingTokens	oracle_exact
machine:edge-cases/deep-optional-affix-nesting	TunedSurfaceProbed	oracle_exact
machine:edge-cases/diacritic-segments	PlanComposed	oracle_exact
machine:edge-cases/diacritic-segments	TemplatedUnderlyingTokens	oracle_exact
machine:edge-cases/diacritic-segments	TunedSurfaceProbed	oracle_exact
machine:edge-cases/discontinuous-morph-environment	PlanComposed	compiles_but_misses
machine:edge-cases/discontinuous-morph-environment	TemplatedUnderlyingTokens	refused
machine:edge-cases/discontinuous-morph-environment	TunedSurfaceProbed	oracle_exact
machine:edge-cases/disjunctive-recheck	PlanComposed	oracle_exact
machine:edge-cases/disjunctive-recheck	TemplatedUnderlyingTokens	oracle_exact
machine:edge-cases/disjunctive-recheck	TunedSurfaceProbed	oracle_exact
machine:edge-cases/feature-gating-breadth	PlanComposed	oracle_exact
machine:edge-cases/feature-gating-breadth	TemplatedUnderlyingTokens	oracle_exact
machine:edge-cases/feature-gating-breadth	TunedSurfaceProbed	oracle_exact
machine:edge-cases/feature-system-breadth	PlanComposed	refused
machine:edge-cases/feature-system-breadth	TemplatedUnderlyingTokens	oracle_exact
machine:edge-cases/feature-system-breadth	TunedSurfaceProbed	oracle_exact
machine:edge-cases/final-template-partial-discriminators	PlanComposed	oracle_exact
machine:edge-cases/final-template-partial-discriminators	TemplatedUnderlyingTokens	compiles_but_misses
machine:edge-cases/final-template-partial-discriminators	TunedSurfaceProbed	compiles_but_misses
machine:edge-cases/free-fluctuating-allomorph-pair	PlanComposed	oracle_exact
machine:edge-cases/free-fluctuating-allomorph-pair	TemplatedUnderlyingTokens	oracle_exact
machine:edge-cases/free-fluctuating-allomorph-pair	TunedSurfaceProbed	oracle_exact
machine:edge-cases/iterative-epenthesis-cascade	PlanComposed	refused
machine:edge-cases/iterative-epenthesis-cascade	TemplatedUnderlyingTokens	compiles_but_misses
machine:edge-cases/iterative-epenthesis-cascade	TunedSurfaceProbed	oracle_exact
machine:edge-cases/loader-default-symbol	PlanComposed	refused
machine:edge-cases/loader-default-symbol	TemplatedUnderlyingTokens	oracle_exact
machine:edge-cases/loader-default-symbol	TunedSurfaceProbed	oracle_exact
machine:edge-cases/loader-isactive	PlanComposed	oracle_exact
machine:edge-cases/loader-isactive	TemplatedUnderlyingTokens	oracle_exact
machine:edge-cases/loader-isactive	TunedSurfaceProbed	oracle_exact
machine:edge-cases/loader-isactive-breadth	PlanComposed	oracle_exact
machine:edge-cases/loader-isactive-breadth	TemplatedUnderlyingTokens	oracle_exact
machine:edge-cases/loader-isactive-breadth	TunedSurfaceProbed	oracle_exact
machine:edge-cases/loader-pattern-shapes	PlanComposed	unmeasurable
machine:edge-cases/loader-pattern-shapes	TemplatedUnderlyingTokens	oracle_exact
machine:edge-cases/loader-pattern-shapes	TunedSurfaceProbed	oracle_exact
machine:edge-cases/metathesis-comparison-crash	PlanComposed	refused
machine:edge-cases/metathesis-comparison-crash	TemplatedUnderlyingTokens	oracle_exact
machine:edge-cases/metathesis-comparison-crash	TunedSurfaceProbed	oracle_exact
machine:edge-cases/morphotactic-attribute-breadth	PlanComposed	oracle_exact
machine:edge-cases/morphotactic-attribute-breadth	TemplatedUnderlyingTokens	oracle_exact
machine:edge-cases/morphotactic-attribute-breadth	TunedSurfaceProbed	oracle_exact
machine:edge-cases/mpr-gated-exception	PlanComposed	refused
machine:edge-cases/mpr-gated-exception	TemplatedUnderlyingTokens	oracle_exact
machine:edge-cases/mpr-gated-exception	TunedSurfaceProbed	oracle_exact
machine:edge-cases/mpr-group-overwrite-without-realizational	PlanComposed	oracle_exact
machine:edge-cases/mpr-group-overwrite-without-realizational	TemplatedUnderlyingTokens	oracle_exact
machine:edge-cases/mpr-group-overwrite-without-realizational	TunedSurfaceProbed	oracle_exact
machine:edge-cases/mpr-overwrite-order-dependence	PlanComposed	oracle_exact
machine:edge-cases/mpr-overwrite-order-dependence	TemplatedUnderlyingTokens	oracle_exact
machine:edge-cases/mpr-overwrite-order-dependence	TunedSurfaceProbed	oracle_exact
machine:edge-cases/process-morphology-in-place-mutation	PlanComposed	oracle_exact
machine:edge-cases/process-morphology-in-place-mutation	TemplatedUnderlyingTokens	refused
machine:edge-cases/process-morphology-in-place-mutation	TunedSurfaceProbed	oracle_exact
machine:edge-cases/rewrite-analysis-feature-neutralization	PlanComposed	refused
machine:edge-cases/rewrite-analysis-feature-neutralization	TemplatedUnderlyingTokens	refused
machine:edge-cases/rewrite-analysis-feature-neutralization	TunedSurfaceProbed	oracle_exact
machine:edge-cases/right-to-left-anchor-environment	PlanComposed	refused
machine:edge-cases/right-to-left-anchor-environment	TemplatedUnderlyingTokens	oracle_exact
machine:edge-cases/right-to-left-anchor-environment	TunedSurfaceProbed	oracle_exact
machine:edge-cases/shared-template-unconstrained-suffix	PlanComposed	oracle_exact
machine:edge-cases/shared-template-unconstrained-suffix	TemplatedUnderlyingTokens	oracle_exact
machine:edge-cases/shared-template-unconstrained-suffix	TunedSurfaceProbed	oracle_exact
machine:edge-cases/simultaneous-feeding	PlanComposed	refused
machine:edge-cases/simultaneous-feeding	TemplatedUnderlyingTokens	refused
machine:edge-cases/simultaneous-feeding	TunedSurfaceProbed	oracle_exact
machine:edge-cases/simultaneous-feeding-control-iterative	PlanComposed	refused
machine:edge-cases/simultaneous-feeding-control-iterative	TemplatedUnderlyingTokens	compiles_but_misses
machine:edge-cases/simultaneous-feeding-control-iterative	TunedSurfaceProbed	oracle_exact
machine:edge-cases/stem-name-restricted-root-allomorph	PlanComposed	oracle_exact
machine:edge-cases/stem-name-restricted-root-allomorph	TemplatedUnderlyingTokens	oracle_exact
machine:edge-cases/stem-name-restricted-root-allomorph	TunedSurfaceProbed	oracle_exact
machine:edge-cases/strrep-identity	PlanComposed	oracle_exact
machine:edge-cases/strrep-identity	TemplatedUnderlyingTokens	oracle_exact
machine:edge-cases/strrep-identity	TunedSurfaceProbed	oracle_exact
machine:edge-cases/subrule-morphosyntactic-gating	PlanComposed	refused
machine:edge-cases/subrule-morphosyntactic-gating	TemplatedUnderlyingTokens	oracle_exact
machine:edge-cases/subrule-morphosyntactic-gating	TunedSurfaceProbed	oracle_exact
machine:edge-cases/synthesis-stratum-render-stale-table	PlanComposed	refused
machine:edge-cases/synthesis-stratum-render-stale-table	TemplatedUnderlyingTokens	refused
machine:edge-cases/synthesis-stratum-render-stale-table	TunedSurfaceProbed	oracle_exact
machine:edge-cases/template-category-sharing	PlanComposed	oracle_exact
machine:edge-cases/template-category-sharing	TemplatedUnderlyingTokens	oracle_exact
machine:edge-cases/template-category-sharing	TunedSurfaceProbed	oracle_exact
machine:edge-cases/truncate-morphotactic	PlanComposed	oracle_exact
machine:edge-cases/truncate-morphotactic	TemplatedUnderlyingTokens	oracle_exact
machine:edge-cases/truncate-morphotactic	TunedSurfaceProbed	oracle_exact
machine:languages/fusional-realizational-morphology	PlanComposed	refused
machine:languages/fusional-realizational-morphology	TemplatedUnderlyingTokens	refused
machine:languages/fusional-realizational-morphology	TunedSurfaceProbed	oracle_exact
machine:languages/metathesis-phase-isolation	PlanComposed	refused
machine:languages/metathesis-phase-isolation	TemplatedUnderlyingTokens	refused
machine:languages/metathesis-phase-isolation	TunedSurfaceProbed	compiles_but_misses
machine:languages/polysynthetic-stratal-derivation-chain	PlanComposed	refused
machine:languages/polysynthetic-stratal-derivation-chain	TemplatedUnderlyingTokens	oracle_exact
machine:languages/polysynthetic-stratal-derivation-chain	TunedSurfaceProbed	oracle_exact
machine:languages/prefixal-discontinuous-slot-dependency	PlanComposed	oracle_exact
machine:languages/prefixal-discontinuous-slot-dependency	TemplatedUnderlyingTokens	oracle_exact
machine:languages/prefixal-discontinuous-slot-dependency	TunedSurfaceProbed	oracle_exact
machine:languages/suffixing-evidential-adjacency-chain	PlanComposed	oracle_exact
machine:languages/suffixing-evidential-adjacency-chain	TemplatedUnderlyingTokens	oracle_exact
machine:languages/suffixing-evidential-adjacency-chain	TunedSurfaceProbed	oracle_exact
machine:languages/suffixing-extension-slot-ordering	PlanComposed	refused
machine:languages/suffixing-extension-slot-ordering	TemplatedUnderlyingTokens	refused
machine:languages/suffixing-extension-slot-ordering	TunedSurfaceProbed	oracle_exact
machine:languages/suffixing-vowel-harmony	PlanComposed	refused
machine:languages/suffixing-vowel-harmony	TemplatedUnderlyingTokens	refused
machine:languages/suffixing-vowel-harmony	TunedSurfaceProbed	oracle_exact
machine:languages/templatic-root-modification	PlanComposed	refused
machine:languages/templatic-root-modification	TemplatedUnderlyingTokens	refused
machine:languages/templatic-root-modification	TunedSurfaceProbed	oracle_exact
staging:edge-cases/backend-gated-generic	PlanComposed	refused
staging:edge-cases/backend-gated-generic	TemplatedUnderlyingTokens	oracle_exact
staging:edge-cases/backend-gated-generic	TunedSurfaceProbed	oracle_exact
staging:edge-cases/backend-ordered-generic	PlanComposed	refused
staging:edge-cases/backend-ordered-generic	TemplatedUnderlyingTokens	refused
staging:edge-cases/backend-ordered-generic	TunedSurfaceProbed	compiles_but_misses
staging:edge-cases/backend-strata-generic	PlanComposed	refused
staging:edge-cases/backend-strata-generic	TemplatedUnderlyingTokens	oracle_exact
staging:edge-cases/backend-strata-generic	TunedSurfaceProbed	oracle_exact
staging:edge-cases/backend-template-generic	PlanComposed	unmeasurable
staging:edge-cases/backend-template-generic	TemplatedUnderlyingTokens	oracle_exact
staging:edge-cases/backend-template-generic	TunedSurfaceProbed	oracle_exact
staging:edge-cases/circumfix-conditioned-halves	PlanComposed	oracle_exact
staging:edge-cases/circumfix-conditioned-halves	TemplatedUnderlyingTokens	refused
staging:edge-cases/circumfix-conditioned-halves	TunedSurfaceProbed	oracle_exact
staging:edge-cases/circumfix-cross-product-and-infix-drop	PlanComposed	refused
staging:edge-cases/circumfix-cross-product-and-infix-drop	TemplatedUnderlyingTokens	refused
staging:edge-cases/circumfix-cross-product-and-infix-drop	TunedSurfaceProbed	oracle_exact
staging:edge-cases/circumfix-in-template-slot	PlanComposed	refused
staging:edge-cases/circumfix-in-template-slot	TemplatedUnderlyingTokens	oracle_exact
staging:edge-cases/circumfix-in-template-slot	TunedSurfaceProbed	oracle_exact
staging:edge-cases/circumfix-infix-interior-action-precedence	PlanComposed	oracle_exact
staging:edge-cases/circumfix-infix-interior-action-precedence	TemplatedUnderlyingTokens	refused
staging:edge-cases/circumfix-infix-interior-action-precedence	TunedSurfaceProbed	oracle_exact
staging:edge-cases/circumfix-non-first-allomorph-selection	PlanComposed	oracle_exact
staging:edge-cases/circumfix-non-first-allomorph-selection	TemplatedUnderlyingTokens	oracle_exact
staging:edge-cases/circumfix-non-first-allomorph-selection	TunedSurfaceProbed	oracle_exact
staging:edge-cases/circumfix-reduplication-precedence	PlanComposed	oracle_exact
staging:edge-cases/circumfix-reduplication-precedence	TemplatedUnderlyingTokens	refused
staging:edge-cases/circumfix-reduplication-precedence	TunedSurfaceProbed	oracle_exact
staging:edge-cases/compounding-non-recursive	PlanComposed	oracle_exact
staging:edge-cases/compounding-non-recursive	TemplatedUnderlyingTokens	oracle_exact
staging:edge-cases/compounding-non-recursive	TunedSurfaceProbed	oracle_exact
staging:edge-cases/cross-stem-material-determination	PlanComposed	oracle_exact
staging:edge-cases/cross-stem-material-determination	TemplatedUnderlyingTokens	oracle_exact
staging:edge-cases/cross-stem-material-determination	TunedSurfaceProbed	oracle_exact
staging:edge-cases/deletion-reduplication-exception-composite	PlanComposed	refused
staging:edge-cases/deletion-reduplication-exception-composite	TemplatedUnderlyingTokens	refused
staging:edge-cases/deletion-reduplication-exception-composite	TunedSurfaceProbed	oracle_exact
staging:edge-cases/guesser-pattern-root-fallback	PlanComposed	oracle_exact
staging:edge-cases/guesser-pattern-root-fallback	TemplatedUnderlyingTokens	oracle_exact
staging:edge-cases/guesser-pattern-root-fallback	TunedSurfaceProbed	oracle_exact
staging:edge-cases/head-ambiguous-compounding	PlanComposed	oracle_exact
staging:edge-cases/head-ambiguous-compounding	TemplatedUnderlyingTokens	oracle_exact
staging:edge-cases/head-ambiguous-compounding	TunedSurfaceProbed	oracle_exact
staging:edge-cases/infix-interdigitation	PlanComposed	oracle_exact
staging:edge-cases/infix-interdigitation	TemplatedUnderlyingTokens	refused
staging:edge-cases/infix-interdigitation	TunedSurfaceProbed	oracle_exact
staging:edge-cases/multi-table-metathesis-shared-representation	PlanComposed	refused
staging:edge-cases/multi-table-metathesis-shared-representation	TemplatedUnderlyingTokens	oracle_exact
staging:edge-cases/multi-table-metathesis-shared-representation	TunedSurfaceProbed	oracle_exact
staging:edge-cases/optional-template-composite	PlanComposed	refused
staging:edge-cases/optional-template-composite	TemplatedUnderlyingTokens	oracle_exact
staging:edge-cases/optional-template-composite	TunedSurfaceProbed	oracle_exact
staging:edge-cases/pattern-root-required-environment	PlanComposed	oracle_exact
staging:edge-cases/pattern-root-required-environment	TemplatedUnderlyingTokens	refused
staging:edge-cases/pattern-root-required-environment	TunedSurfaceProbed	refused
staging:edge-cases/recursive-endocentric-compounding	PlanComposed	oracle_exact
staging:edge-cases/recursive-endocentric-compounding	TemplatedUnderlyingTokens	oracle_exact
staging:edge-cases/recursive-endocentric-compounding	TunedSurfaceProbed	oracle_exact
staging:edge-cases/right-to-left-bounded-quantifier-rewrite	PlanComposed	refused
staging:edge-cases/right-to-left-bounded-quantifier-rewrite	TemplatedUnderlyingTokens	oracle_exact
staging:edge-cases/right-to-left-bounded-quantifier-rewrite	TunedSurfaceProbed	oracle_exact
staging:edge-cases/right-to-left-cross-table-segments-environment	PlanComposed	refused
staging:edge-cases/right-to-left-cross-table-segments-environment	TemplatedUnderlyingTokens	oracle_exact
staging:edge-cases/right-to-left-cross-table-segments-environment	TunedSurfaceProbed	oracle_exact
staging:edge-cases/right-to-left-metathesis-reversal	PlanComposed	refused
staging:edge-cases/right-to-left-metathesis-reversal	TemplatedUnderlyingTokens	oracle_exact
staging:edge-cases/right-to-left-metathesis-reversal	TunedSurfaceProbed	oracle_exact
staging:edge-cases/right-to-left-segments-environment	PlanComposed	refused
staging:edge-cases/right-to-left-segments-environment	TemplatedUnderlyingTokens	oracle_exact
staging:edge-cases/right-to-left-segments-environment	TunedSurfaceProbed	oracle_exact
staging:edge-cases/segment-natural-class-table-binding	PlanComposed	refused
staging:edge-cases/segment-natural-class-table-binding	TemplatedUnderlyingTokens	refused
staging:edge-cases/segment-natural-class-table-binding	TunedSurfaceProbed	oracle_exact
staging:edge-cases/simultaneous-subrule-genuine-overlap	PlanComposed	refused
staging:edge-cases/simultaneous-subrule-genuine-overlap	TemplatedUnderlyingTokens	refused
staging:edge-cases/simultaneous-subrule-genuine-overlap	TunedSurfaceProbed	oracle_exact
staging:edge-cases/standalone-combining-mark	PlanComposed	oracle_exact
staging:edge-cases/standalone-combining-mark	TemplatedUnderlyingTokens	oracle_exact
staging:edge-cases/standalone-combining-mark	TunedSurfaceProbed	oracle_exact
staging:edge-cases/strrep-rewrite-unapplication	PlanComposed	refused
staging:edge-cases/strrep-rewrite-unapplication	TemplatedUnderlyingTokens	oracle_exact
staging:edge-cases/strrep-rewrite-unapplication	TunedSurfaceProbed	oracle_exact
staging:edge-cases/two-table-shared-representation-recall	PlanComposed	refused
staging:edge-cases/two-table-shared-representation-recall	TemplatedUnderlyingTokens	oracle_exact
staging:edge-cases/two-table-shared-representation-recall	TunedSurfaceProbed	oracle_exact
staging:edge-cases/unbounded-iterative-quantifier-expansion	PlanComposed	refused
staging:edge-cases/unbounded-iterative-quantifier-expansion	TemplatedUnderlyingTokens	oracle_exact
staging:edge-cases/unbounded-iterative-quantifier-expansion	TunedSurfaceProbed	oracle_exact
staging:edge-cases/zero-width-morpheme-identity-stability	PlanComposed	refused
staging:edge-cases/zero-width-morpheme-identity-stability	TemplatedUnderlyingTokens	oracle_exact
staging:edge-cases/zero-width-morpheme-identity-stability	TunedSurfaceProbed	oracle_exact
