root,category,fixture,word,engine,outcome,median_ns,min_ns,max_ns,samples,below_floor,floor_ns,nonempty,predicate,construct,witness,note
machine,edge-cases,deep-optional-affix-nesting,k,complete,ok,31500,31500,31500,1,false,100,true,,,,
machine,edge-cases,deep-optional-affix-nesting,xxxxxxk,complete,ok,85600400,85600400,85600400,1,false,100,true,,,,
machine,edge-cases,deep-optional-affix-nesting,xxxxxxxxxxxxk,complete,ok,70489400,70489400,70489400,1,false,100,true,,,,
machine,edge-cases,deep-optional-affix-nesting,k,compiled,ok,22200,22200,22200,1,false,100,true,,,,
machine,edge-cases,deep-optional-affix-nesting,xxxxxxk,compiled,ok,456264700,456264700,456264700,1,false,100,true,,,,
machine,edge-cases,deep-optional-affix-nesting,xxxxxxxxxxxxk,compiled,ok,68109200,68109200,68109200,1,false,100,true,,,,
machine,edge-cases,diacritic-segments,año,complete,ok,26000,26000,26000,1,false,100,true,,,,
machine,edge-cases,diacritic-segments,café,complete,ok,25800,25800,25800,1,false,100,true,,,,
machine,edge-cases,diacritic-segments,göl,complete,ok,23100,23100,23100,1,false,100,true,,,,
machine,edge-cases,diacritic-segments,kelî,complete,ok,26400,26400,26400,1,false,100,true,,,,
machine,edge-cases,diacritic-segments,años,complete,ok,103900,103900,103900,1,false,100,true,,,,
machine,edge-cases,diacritic-segments,cafés,complete,ok,108800,108800,108800,1,false,100,true,,,,
machine,edge-cases,diacritic-segments,göls,complete,ok,100200,100200,100200,1,false,100,true,,,,
machine,edge-cases,diacritic-segments,kelîs,complete,ok,107700,107700,107700,1,false,100,true,,,,
machine,edge-cases,diacritic-segments,caféta,complete,ok,119500,119500,119500,1,false,100,true,,,,
machine,edge-cases,diacritic-segments,kelîta,complete,ok,122300,122300,122300,1,false,100,true,,,,
machine,edge-cases,diacritic-segments,añota,complete,ok,105800,105800,105800,1,false,100,false,,,,
machine,edge-cases,diacritic-segments,gölta,complete,ok,103900,103900,103900,1,false,100,false,,,,
machine,edge-cases,diacritic-segments,gül,complete,ok,900,900,900,1,false,100,false,,,,
machine,edge-cases,diacritic-segments,año,compiled,ok,23300,23300,23300,1,false,100,true,,,,
machine,edge-cases,diacritic-segments,café,compiled,ok,21200,21200,21200,1,false,100,true,,,,
machine,edge-cases,diacritic-segments,göl,compiled,ok,18700,18700,18700,1,false,100,true,,,,
machine,edge-cases,diacritic-segments,kelî,compiled,ok,20200,20200,20200,1,false,100,true,,,,
machine,edge-cases,diacritic-segments,años,compiled,ok,105400,105400,105400,1,false,100,true,,,,
machine,edge-cases,diacritic-segments,cafés,compiled,ok,149200,149200,149200,1,false,100,true,,,,
machine,edge-cases,diacritic-segments,göls,compiled,ok,104700,104700,104700,1,false,100,true,,,,
machine,edge-cases,diacritic-segments,kelîs,compiled,ok,108100,108100,108100,1,false,100,true,,,,
machine,edge-cases,diacritic-segments,caféta,compiled,ok,114500,114500,114500,1,false,100,true,,,,
machine,edge-cases,diacritic-segments,kelîta,compiled,ok,113300,113300,113300,1,false,100,true,,,,
machine,edge-cases,diacritic-segments,añota,compiled,ok,108600,108600,108600,1,false,100,false,,,,
machine,edge-cases,diacritic-segments,gölta,compiled,ok,101900,101900,101900,1,false,100,false,,,,
machine,edge-cases,diacritic-segments,gül,compiled,ok,800,800,800,1,false,100,false,,,,
machine,edge-cases,disjunctive-recheck,wak,complete,ok,29600,29600,29600,1,false,100,true,,,,
machine,edge-cases,disjunctive-recheck,wok,complete,ok,24300,24300,24300,1,false,100,false,,,,
machine,edge-cases,disjunctive-recheck,wakta,complete,ok,64800,64800,64800,1,false,100,false,,,,
machine,edge-cases,disjunctive-recheck,wokta,complete,ok,61100,61100,61100,1,false,100,true,,,,
machine,edge-cases,disjunctive-recheck,pak,complete,ok,19400,19400,19400,1,false,100,true,,,,
machine,edge-cases,disjunctive-recheck,pit,complete,ok,17800,17800,17800,1,false,100,true,,,,
machine,edge-cases,disjunctive-recheck,pakza,complete,ok,55700,55700,55700,1,false,100,true,,,,
machine,edge-cases,disjunctive-recheck,pakda,complete,ok,51800,51800,51800,1,false,100,false,,,,
machine,edge-cases,disjunctive-recheck,pitza,complete,ok,51000,51000,51000,1,false,100,false,,,,
machine,edge-cases,disjunctive-recheck,pitda,complete,ok,61600,61600,61600,1,false,100,true,,,,
machine,edge-cases,disjunctive-recheck,gray,complete,ok,45200,45200,45200,1,false,100,true,,,,
machine,edge-cases,disjunctive-recheck,grey,complete,ok,27400,27400,27400,1,false,100,true,,,,
machine,edge-cases,disjunctive-recheck,wak,compiled,ok,27100,27100,27100,1,false,100,true,,,,
machine,edge-cases,disjunctive-recheck,wok,compiled,ok,22300,22300,22300,1,false,100,false,,,,
machine,edge-cases,disjunctive-recheck,wakta,compiled,ok,59500,59500,59500,1,false,100,false,,,,
machine,edge-cases,disjunctive-recheck,wokta,compiled,ok,58200,58200,58200,1,false,100,true,,,,
machine,edge-cases,disjunctive-recheck,pak,compiled,ok,20500,20500,20500,1,false,100,true,,,,
machine,edge-cases,disjunctive-recheck,pit,compiled,ok,16600,16600,16600,1,false,100,true,,,,
machine,edge-cases,disjunctive-recheck,pakza,compiled,ok,55400,55400,55400,1,false,100,true,,,,
machine,edge-cases,disjunctive-recheck,pakda,compiled,ok,52100,52100,52100,1,false,100,false,,,,
machine,edge-cases,disjunctive-recheck,pitza,compiled,ok,51800,51800,51800,1,false,100,false,,,,
machine,edge-cases,disjunctive-recheck,pitda,compiled,ok,52600,52600,52600,1,false,100,true,,,,
machine,edge-cases,disjunctive-recheck,gray,compiled,ok,25700,25700,25700,1,false,100,true,,,,
machine,edge-cases,disjunctive-recheck,grey,compiled,ok,27200,27200,27200,1,false,100,true,,,,
machine,edge-cases,loader-default-symbol,bat,complete,ok,19900,19900,19900,1,false,100,true,,,,
machine,edge-cases,loader-default-symbol,bdt,complete,ok,17000,17000,17000,1,false,100,false,,,,
machine,edge-cases,loader-default-symbol,bat,compiled,ok,27900,27900,27900,1,false,100,true,,,,
machine,edge-cases,loader-default-symbol,bdt,compiled,ok,25800,25800,25800,1,false,100,false,,,,
machine,edge-cases,loader-isactive,kat,complete,ok,29900,29900,29900,1,false,100,true,,,,
machine,edge-cases,loader-isactive,sod,complete,ok,23700,23700,23700,1,false,100,true,,,,
machine,edge-cases,loader-isactive,kat,compiled,ok,18900,18900,18900,1,false,100,true,,,,
machine,edge-cases,loader-isactive,sod,compiled,ok,14200,14200,14200,1,false,100,true,,,,
machine,edge-cases,loader-pattern-shapes,bat,complete,ok,14800,14800,14800,1,false,100,true,,,,
machine,edge-cases,loader-pattern-shapes,bet,complete,ok,13300,13300,13300,1,false,100,true,,,,
machine,edge-cases,loader-pattern-shapes,bit,complete,ok,500,500,500,1,false,100,false,,,,
machine,edge-cases,loader-pattern-shapes,bt,complete,ok,4500,4500,4500,1,false,100,false,,,,
machine,edge-cases,loader-pattern-shapes,bat,compiled,ok,17300,17300,17300,1,false,100,true,,,,
machine,edge-cases,loader-pattern-shapes,bet,compiled,ok,15900,15900,15900,1,false,100,true,,,,
machine,edge-cases,loader-pattern-shapes,bit,compiled,ok,600,600,600,1,false,100,false,,,,
machine,edge-cases,loader-pattern-shapes,bt,compiled,ok,5600,5600,5600,1,false,100,false,,,,
machine,edge-cases,simultaneous-epenthesis-cascade,bubu,complete,ok,24000,24000,24000,1,false,100,false,,,,
machine,edge-cases,simultaneous-epenthesis-cascade,bubu,compiled,ok,37500,37500,37500,1,false,100,false,,,,
machine,edge-cases,strrep-identity,pat,complete,ok,62100,62100,62100,1,false,100,true,,,,
machine,edge-cases,strrep-identity,uta,complete,ok,45400,45400,45400,1,false,100,true,,,,
machine,edge-cases,strrep-identity,mat,complete,ok,56600,56600,56600,1,false,100,true,,,,
machine,edge-cases,strrep-identity,mupat,complete,ok,64700,64700,64700,1,false,100,true,,,,
machine,edge-cases,strrep-identity,mumat,complete,ok,63000,63000,63000,1,false,100,true,,,,
machine,edge-cases,strrep-identity,mwpat,complete,ok,23600,23600,23600,1,false,100,false,,,,
machine,edge-cases,strrep-identity,mwuta,complete,ok,53900,53900,53900,1,false,100,true,,,,
machine,edge-cases,strrep-identity,muuta,complete,ok,50200,50200,50200,1,false,100,false,,,,
machine,edge-cases,strrep-identity,ndpat,complete,ok,274400,274400,274400,1,false,100,true,,,,
machine,edge-cases,strrep-identity,ndmat,complete,ok,242300,242300,242300,1,false,100,false,,,,
machine,edge-cases,strrep-identity,imat,complete,ok,241400,241400,241400,1,false,100,true,,,,
machine,edge-cases,strrep-identity,ipat,complete,ok,348400,348400,348400,1,false,100,false,,,,
machine,edge-cases,strrep-identity,pat,compiled,ok,65500,65500,65500,1,false,100,true,,,,
machine,edge-cases,strrep-identity,uta,compiled,ok,46800,46800,46800,1,false,100,true,,,,
machine,edge-cases,strrep-identity,mat,compiled,ok,58600,58600,58600,1,false,100,true,,,,
machine,edge-cases,strrep-identity,mupat,compiled,ok,65500,65500,65500,1,false,100,true,,,,
machine,edge-cases,strrep-identity,mumat,compiled,ok,63700,63700,63700,1,false,100,true,,,,
machine,edge-cases,strrep-identity,mwpat,compiled,ok,25000,25000,25000,1,false,100,false,,,,
machine,edge-cases,strrep-identity,mwuta,compiled,ok,58100,58100,58100,1,false,100,true,,,,
machine,edge-cases,strrep-identity,muuta,compiled,ok,59900,59900,59900,1,false,100,false,,,,
machine,edge-cases,strrep-identity,ndpat,compiled,ok,262200,262200,262200,1,false,100,true,,,,
machine,edge-cases,strrep-identity,ndmat,compiled,ok,242400,242400,242400,1,false,100,false,,,,
machine,edge-cases,strrep-identity,imat,compiled,ok,258000,258000,258000,1,false,100,true,,,,
machine,edge-cases,strrep-identity,ipat,compiled,ok,241000,241000,241000,1,false,100,false,,,,
machine,edge-cases,truncate-morphotactic,sag,complete,ok,73800,73800,73800,1,false,100,true,,,,
machine,edge-cases,truncate-morphotactic,sas,complete,ok,64500,64500,64500,1,false,100,true,,,,
machine,edge-cases,truncate-morphotactic,bubibi,complete,ok,100700,100700,100700,1,false,100,true,,,,
machine,edge-cases,truncate-morphotactic,sa,complete,ok,117800,117800,117800,1,false,100,true,,,,
machine,edge-cases,truncate-morphotactic,ag,complete,ok,76100,76100,76100,1,false,100,true,,,,
machine,edge-cases,truncate-morphotactic,as,complete,ok,69500,69500,69500,1,false,100,true,,,,
machine,edge-cases,truncate-morphotactic,gbubibi,complete,ok,260000,260000,260000,1,false,100,true,,,,
machine,edge-cases,truncate-morphotactic,gas,complete,ok,217500,217500,217500,1,false,100,true,,,,
machine,edge-cases,truncate-morphotactic,bag,complete,ok,58400,58400,58400,1,false,100,false,,,,
machine,edge-cases,truncate-morphotactic,sag,compiled,ok,164900,164900,164900,1,false,100,true,,,,
machine,edge-cases,truncate-morphotactic,sas,compiled,ok,166800,166800,166800,1,false,100,true,,,,
machine,edge-cases,truncate-morphotactic,bubibi,compiled,ok,181700,181700,181700,1,false,100,true,,,,
machine,edge-cases,truncate-morphotactic,sa,compiled,ok,174100,174100,174100,1,false,100,true,,,,
machine,edge-cases,truncate-morphotactic,ag,compiled,ok,166400,166400,166400,1,false,100,true,,,,
machine,edge-cases,truncate-morphotactic,as,compiled,ok,173500,173500,173500,1,false,100,true,,,,
machine,edge-cases,truncate-morphotactic,gbubibi,compiled,ok,431100,431100,431100,1,false,100,true,,,,
machine,edge-cases,truncate-morphotactic,gas,compiled,ok,586600,586600,586600,1,false,100,true,,,,
machine,edge-cases,truncate-morphotactic,bag,compiled,ok,2200,2200,2200,1,false,100,false,,,,
machine,languages,fusional-realizational-morphology,mun,complete,ok,102200,102200,102200,1,false,100,true,,,,
machine,languages,fusional-realizational-morphology,muno,complete,ok,263800,263800,263800,1,false,100,false,,,,
machine,languages,fusional-realizational-morphology,muns,complete,ok,273200,273200,273200,1,false,100,false,,,,
machine,languages,fusional-realizational-morphology,munt,complete,ok,274900,274900,274900,1,false,100,false,,,,
machine,languages,fusional-realizational-morphology,mano,complete,ok,291500,291500,291500,1,false,100,true,,,,
machine,languages,fusional-realizational-morphology,mans,complete,ok,289100,289100,289100,1,false,100,true,,,,
machine,languages,fusional-realizational-morphology,mant,complete,ok,323300,323300,323300,1,false,100,false,,,,
machine,languages,fusional-realizational-morphology,man,complete,ok,154400,154400,154400,1,false,100,false,,,,
machine,languages,fusional-realizational-morphology,mino,complete,ok,264200,264200,264200,1,false,100,true,,,,
machine,languages,fusional-realizational-morphology,mins,complete,ok,251300,251300,251300,1,false,100,false,,,,
machine,languages,fusional-realizational-morphology,mint,complete,ok,303500,303500,303500,1,false,100,true,,,,
machine,languages,fusional-realizational-morphology,min,complete,ok,90300,90300,90300,1,false,100,false,,,,
machine,languages,fusional-realizational-morphology,fer,complete,ok,72100,72100,72100,1,false,100,true,,,,
machine,languages,fusional-realizational-morphology,ferid,complete,ok,220800,220800,220800,1,false,100,true,,,,
machine,languages,fusional-realizational-morphology,feres,complete,ok,239900,239900,239900,1,false,100,true,,,,
machine,languages,fusional-realizational-morphology,feresid,complete,ok,409900,409900,409900,1,false,100,false,,,,
machine,languages,fusional-realizational-morphology,duc,complete,ok,75200,75200,75200,1,false,100,true,,,,
machine,languages,fusional-realizational-morphology,tul,complete,ok,80500,80500,80500,1,false,100,true,,,,
machine,languages,fusional-realizational-morphology,ducit,complete,ok,245300,245300,245300,1,false,100,false,,,,
machine,languages,fusional-realizational-morphology,ducunt,complete,ok,293100,293100,293100,1,false,100,true,,,,
machine,languages,fusional-realizational-morphology,lob,complete,ok,74000,74000,74000,1,false,100,true,,,,
machine,languages,fusional-realizational-morphology,gelobt,complete,ok,281000,281000,281000,1,false,100,true,,,,
machine,languages,fusional-realizational-morphology,lobh,complete,ok,192300,192300,192300,1,false,100,true,,,,
machine,languages,fusional-realizational-morphology,gelobth,complete,ok,660800,660800,660800,1,false,100,true,,,,
machine,languages,fusional-realizational-morphology,gelobthh,complete,ok,459900,459900,459900,1,false,100,false,,,,
machine,languages,fusional-realizational-morphology,vic,complete,ok,75600,75600,75600,1,false,100,true,,,,
machine,languages,fusional-realizational-morphology,vinc,complete,ok,152200,152200,152200,1,false,100,true,,,,
machine,languages,fusional-realizational-morphology,pannox,complete,ok,540200,540200,540200,1,false,100,true,,,,
machine,languages,fusional-realizational-morphology,benox,complete,ok,314800,314800,314800,1,false,100,true,,,,
machine,languages,fusional-realizational-morphology,panbenox,complete,ok,552100,552100,552100,1,false,100,false,,,,
machine,languages,fusional-realizational-morphology,pandex,complete,ok,302700,302700,302700,1,false,100,false,,,,
machine,languages,fusional-realizational-morphology,lexdom,complete,ok,253900,253900,253900,1,false,100,true,,,,
machine,languages,fusional-realizational-morphology,lexbedom,complete,ok,368300,368300,368300,1,false,100,true,,,,
machine,languages,fusional-realizational-morphology,lexbex,complete,ok,198100,198100,198100,1,false,100,false,,,,
machine,languages,fusional-realizational-morphology,ped,complete,ok,76100,76100,76100,1,false,100,true,,,,
machine,languages,fusional-realizational-morphology,xped,complete,ok,147900,147900,147900,1,false,100,true,,,,
machine,languages,fusional-realizational-morphology,yxped,complete,ok,222900,222900,222900,1,false,100,true,,,,
machine,languages,fusional-realizational-morphology,xpedz,complete,ok,279200,279200,279200,1,false,100,true,,,,
machine,languages,fusional-realizational-morphology,yxpedz,complete,ok,469000,469000,469000,1,false,100,false,,,,
machine,languages,fusional-realizational-morphology,kat,complete,ok,127500,127500,127500,1,false,100,true,,,,
machine,languages,fusional-realizational-morphology,sod,complete,ok,71300,71300,71300,1,false,100,true,,,,
machine,languages,fusional-realizational-morphology,lim,complete,ok,82800,82800,82800,1,false,100,true,,,,
machine,languages,fusional-realizational-morphology,katw,complete,ok,249500,249500,249500,1,false,100,true,,,,
machine,languages,fusional-realizational-morphology,sodw,complete,ok,162500,162500,162500,1,false,100,false,,,,
machine,languages,fusional-realizational-morphology,limw,complete,ok,158100,158100,158100,1,false,100,false,,,,
machine,languages,fusional-realizational-morphology,kath,complete,ok,259300,259300,259300,1,false,100,false,,,,
machine,languages,fusional-realizational-morphology,sodh,complete,ok,191500,191500,191500,1,false,100,true,,,,
machine,languages,fusional-realizational-morphology,limh,complete,ok,173100,173100,173100,1,false,100,false,,,,
machine,languages,fusional-realizational-morphology,sing,complete,ok,157800,157800,157800,1,false,100,true,,,,
machine,languages,fusional-realizational-morphology,sang,complete,ok,199900,199900,199900,1,false,100,true,,,,
machine,languages,fusional-realizational-morphology,mitlav,complete,ok,294900,294900,294900,1,false,100,true,,,,
machine,languages,fusional-realizational-morphology,ficlav,complete,ok,290100,290100,290100,1,false,100,true,,,,
machine,languages,fusional-realizational-morphology,seclav,complete,ok,263500,263500,263500,1,false,100,false,,,,
machine,languages,fusional-realizational-morphology,genlav,complete,ok,355600,355600,355600,1,false,100,false,,,,
machine,languages,fusional-realizational-morphology,mitlavlav,complete,ok,562300,562300,562300,1,false,100,false,,,,
machine,languages,fusional-realizational-morphology,,compiled,refused,,,,,false,100,,circumfix-output-action.faithful-structural-composite,mrule 14 allomorph #0 (LHS-material-dropping output action),"no allomorph of this allomorph's own rule classifies as crate::emit::Role::CircumfixPrefix (crate::emit::classify_affix, scanned over every allomorph), and its first allomorph does not classify as crate::emit::Role::None/Prefix/Suffix with LHS-material-dropping content either, or the rule uses OutputAction::Modify/InsertContext, so crate::emit::is_structural_rule never routes it through the faithful build_structural_composites construction -- the real compiler already honestly skips (reports uncovered) this exact allomorph rather than silently mis-compiling it",
machine,languages,fusional-realizational-morphology,,compiled,refused,,,,,false,100,,mpr-group.overwrite-output,MprGroup 0 (Overwrite),mpr-group.overwrite-output stays FailClosed permanently by default: a monotone-accumulation admission filter is unsound for history-dependent Overwrite replace semantics (pg_grammar::model::mpr_add_output's own doc; ADR 0001's own worked confirm-only trap). The ADR 0005 capability override is the on-ramp to force-compile it.,
machine,languages,metathesis-phase-isolation,nui,complete,ok,203800,203800,203800,1,false,100,true,,,,
machine,languages,metathesis-phase-isolation,niu,complete,ok,143900,143900,143900,1,false,100,false,,,,
machine,languages,metathesis-phase-isolation,mu+i,complete,ok,222900,222900,222900,1,false,100,true,,,,
machine,languages,metathesis-phase-isolation,mi,complete,ok,120800,120800,120800,1,false,100,true,,,,
machine,languages,metathesis-phase-isolation,pui,complete,ok,205400,205400,205400,1,false,100,true,,,,
machine,languages,metathesis-phase-isolation,sumulat,complete,ok,519700,519700,519700,1,false,100,true,,,,
machine,languages,metathesis-phase-isolation,sulat,complete,ok,271300,271300,271300,1,false,100,true,,,,
machine,languages,metathesis-phase-isolation,keadilan,complete,ok,525600,525600,525600,1,false,100,true,,,,
machine,languages,metathesis-phase-isolation,adil,complete,ok,197400,197400,197400,1,false,100,true,,,,
machine,languages,metathesis-phase-isolation,tutula,complete,ok,400700,400700,400700,1,false,100,true,,,,
machine,languages,metathesis-phase-isolation,tulatula,complete,ok,780900,780900,780900,1,false,100,true,,,,
machine,languages,metathesis-phase-isolation,tula,complete,ok,174500,174500,174500,1,false,100,true,,,,
machine,languages,metathesis-phase-isolation,pur,complete,ok,176100,176100,176100,1,false,100,true,,,,
machine,languages,metathesis-phase-isolation,pure,complete,ok,207500,207500,207500,1,false,100,true,,,,
machine,languages,metathesis-phase-isolation,bahain,complete,ok,430800,430800,430800,1,false,100,true,,,,
machine,languages,metathesis-phase-isolation,baha,complete,ok,170400,170400,170400,1,false,100,true,,,,
machine,languages,metathesis-phase-isolation,katibɯd,complete,ok,521800,521800,521800,1,false,100,true,,,,
machine,languages,metathesis-phase-isolation,katabɯd,complete,ok,571000,571000,571000,1,false,100,false,,,,
machine,languages,metathesis-phase-isolation,ktb,complete,ok,128100,128100,128100,1,false,100,true,,,,
machine,languages,metathesis-phase-isolation,,compiled,refused,,,,,false,100,,metathesis.faithful-swap-construction,prule 2 (MetathesisRule),"this rule's own pattern needs a construct crate::replace::pattern_slots does not support (Quantifier/Segments/Anchor/disagree-polarity alpha var), carries a Slot::Repeat occurrence (DTD-legal inside a MetathesisRule's own PhoneticSequence, though never attested in any fixture this crate has authored -- Slot::Alpha is additionally structurally IMPOSSIBLE here, not merely unsupported: pg_grammar::load::load_metathesis_rule resolves every node against an EMPTY VarTable, so any AlphaVariable inside a MetathesisRule errors the whole grammar load before reaching this predicate at all), or has no resolvable owning character-definition table -- NOT a direction, since openspec/changes/plan-construct-coverage-completion task 4.6 (docs/conformance/needs-decision-resolutions.md row 8): Dir::RightToLeft compiles via the same mirror-and-reverse construction compile_rtl_branch_net uses for RTL rewrite rules -- the real compiler already honestly skips (Ok(None)) this exact rule rather than silently mis-compiling it",
machine,languages,polysynthetic-stratal-derivation-chain,nuna,complete,ok,88500,88500,88500,1,false,100,true,,,,
machine,languages,polysynthetic-stratal-derivation-chain,nunaliq,complete,ok,230100,230100,230100,1,false,100,true,,,,
machine,languages,polysynthetic-stratal-derivation-chain,nunaliqvuq,complete,ok,469400,469400,469400,1,false,100,true,,,,
machine,languages,polysynthetic-stratal-derivation-chain,nunavuq,complete,ok,217700,217700,217700,1,false,100,false,,,,
machine,languages,polysynthetic-stratal-derivation-chain,akutat,complete,ok,262900,262900,262900,1,false,100,true,,,,
machine,languages,polysynthetic-stratal-derivation-chain,pitat,complete,ok,196400,196400,196400,1,false,100,true,,,,
machine,languages,polysynthetic-stratal-derivation-chain,akupitat,complete,ok,219500,219500,219500,1,false,100,false,,,,
machine,languages,polysynthetic-stratal-derivation-chain,akutas,complete,ok,102500,102500,102500,1,false,100,false,,,,
machine,languages,polysynthetic-stratal-derivation-chain,silanuk,complete,ok,257100,257100,257100,1,false,100,true,,,,
machine,languages,polysynthetic-stratal-derivation-chain,silamanuk,complete,ok,360500,360500,360500,1,false,100,true,,,,
machine,languages,polysynthetic-stratal-derivation-chain,silamak,complete,ok,265100,265100,265100,1,false,100,false,,,,
machine,languages,polysynthetic-stratal-derivation-chain,takuvuq,complete,ok,240600,240600,240600,1,false,100,false,,,,
machine,languages,polysynthetic-stratal-derivation-chain,bubu,complete,ok,160600,160600,160600,1,false,100,true,,,,
machine,languages,polysynthetic-stratal-derivation-chain,buibu,complete,ok,144900,144900,144900,1,false,100,false,,,,
machine,languages,polysynthetic-stratal-derivation-chain,kuuukuuu,complete,ok,322500,322500,322500,1,false,100,true,,,,
machine,languages,polysynthetic-stratal-derivation-chain,kuiikuii,complete,ok,219900,219900,219900,1,false,100,false,,,,
machine,languages,polysynthetic-stratal-derivation-chain,buuubuuu,complete,ok,316600,316600,316600,1,false,100,true,,,,
machine,languages,polysynthetic-stratal-derivation-chain,buiibuii,complete,ok,224200,224200,224200,1,false,100,false,,,,
machine,languages,polysynthetic-stratal-derivation-chain,mau,complete,ok,125200,125200,125200,1,false,100,true,,,,
machine,languages,polysynthetic-stratal-derivation-chain,matu,complete,ok,141200,141200,141200,1,false,100,false,,,,
machine,languages,polysynthetic-stratal-derivation-chain,nuna,compiled,ok,164200,164200,164200,1,false,100,true,,,,
machine,languages,polysynthetic-stratal-derivation-chain,nunaliq,compiled,ok,423100,423100,423100,1,false,100,true,,,,
machine,languages,polysynthetic-stratal-derivation-chain,nunaliqvuq,compiled,ok,886000,886000,886000,1,false,100,true,,,,
machine,languages,polysynthetic-stratal-derivation-chain,nunavuq,compiled,ok,411100,411100,411100,1,false,100,false,,,,
machine,languages,polysynthetic-stratal-derivation-chain,akutat,compiled,ok,369800,369800,369800,1,false,100,true,,,,
machine,languages,polysynthetic-stratal-derivation-chain,pitat,compiled,ok,373100,373100,373100,1,false,100,true,,,,
machine,languages,polysynthetic-stratal-derivation-chain,akupitat,compiled,ok,368500,368500,368500,1,false,100,false,,,,
machine,languages,polysynthetic-stratal-derivation-chain,akutas,compiled,ok,4200,4200,4200,1,false,100,false,,,,
machine,languages,polysynthetic-stratal-derivation-chain,silanuk,compiled,ok,296300,296300,296300,1,false,100,true,,,,
machine,languages,polysynthetic-stratal-derivation-chain,silamanuk,compiled,ok,399800,399800,399800,1,false,100,true,,,,
machine,languages,polysynthetic-stratal-derivation-chain,silamak,compiled,ok,3000,3000,3000,1,false,100,false,,,,
machine,languages,polysynthetic-stratal-derivation-chain,takuvuq,compiled,ok,1200,1200,1200,1,false,100,false,,,,
machine,languages,polysynthetic-stratal-derivation-chain,bubu,compiled,ok,328400,328400,328400,1,false,100,true,,,,
machine,languages,polysynthetic-stratal-derivation-chain,buibu,compiled,ok,210400,210400,210400,1,false,100,false,,,,
machine,languages,polysynthetic-stratal-derivation-chain,kuuukuuu,compiled,ok,539500,539500,539500,1,false,100,true,,,,
machine,languages,polysynthetic-stratal-derivation-chain,kuiikuii,compiled,ok,338500,338500,338500,1,false,100,false,,,,
machine,languages,polysynthetic-stratal-derivation-chain,buuubuuu,compiled,ok,535400,535400,535400,1,false,100,true,,,,
machine,languages,polysynthetic-stratal-derivation-chain,buiibuii,compiled,ok,346600,346600,346600,1,false,100,false,,,,
machine,languages,polysynthetic-stratal-derivation-chain,mau,compiled,ok,162000,162000,162000,1,false,100,true,,,,
machine,languages,polysynthetic-stratal-derivation-chain,matu,compiled,ok,193500,193500,193500,1,false,100,false,,,,
machine,languages,prefixal-discontinuous-slot-dependency,shiyidkal,complete,ok,106400,106400,106400,1,false,100,true,,,,
machine,languages,prefixal-discontinuous-slot-dependency,niyidtan,complete,ok,76900,76900,76900,1,false,100,true,,,,
machine,languages,prefixal-discontinuous-slot-dependency,bishiyidkal,complete,ok,106600,106600,106600,1,false,100,true,,,,
machine,languages,prefixal-discontinuous-slot-dependency,bishiwodkal,complete,ok,92800,92800,92800,1,false,100,false,,,,
machine,languages,prefixal-discontinuous-slot-dependency,yidkal,complete,ok,14200,14200,14200,1,false,100,false,,,,
machine,languages,prefixal-discontinuous-slot-dependency,kal,complete,ok,16500,16500,16500,1,false,100,false,,,,
machine,languages,prefixal-discontinuous-slot-dependency,shiwodkal,complete,ok,91100,91100,91100,1,false,100,true,,,,
machine,languages,prefixal-discontinuous-slot-dependency,gabishiyidkal,complete,ok,137300,137300,137300,1,false,100,true,,,,
machine,languages,prefixal-discontinuous-slot-dependency,hogabishiyidkal,complete,ok,191700,191700,191700,1,false,100,true,,,,
machine,languages,prefixal-discontinuous-slot-dependency,gahobishiyidkal,complete,ok,53400,53400,53400,1,false,100,false,,,,
machine,languages,prefixal-discontinuous-slot-dependency,shiyidkal,compiled,ok,85800,85800,85800,1,false,100,true,,,,
machine,languages,prefixal-discontinuous-slot-dependency,niyidtan,compiled,ok,76600,76600,76600,1,false,100,true,,,,
machine,languages,prefixal-discontinuous-slot-dependency,bishiyidkal,compiled,ok,104300,104300,104300,1,false,100,true,,,,
machine,languages,prefixal-discontinuous-slot-dependency,bishiwodkal,compiled,ok,82700,82700,82700,1,false,100,false,,,,
machine,languages,prefixal-discontinuous-slot-dependency,yidkal,compiled,ok,500,500,500,1,false,100,false,,,,
machine,languages,prefixal-discontinuous-slot-dependency,kal,compiled,ok,14300,14300,14300,1,false,100,false,,,,
machine,languages,prefixal-discontinuous-slot-dependency,shiwodkal,compiled,ok,101200,101200,101200,1,false,100,true,,,,
machine,languages,prefixal-discontinuous-slot-dependency,gabishiyidkal,compiled,ok,138000,138000,138000,1,false,100,true,,,,
machine,languages,prefixal-discontinuous-slot-dependency,hogabishiyidkal,compiled,ok,201600,201600,201600,1,false,100,true,,,,
machine,languages,prefixal-discontinuous-slot-dependency,gahobishiyidkal,compiled,ok,1100,1100,1100,1,false,100,false,,,,
machine,languages,suffixing-evidential-adjacency-chain,tupay,complete,ok,313800,313800,313800,1,false,100,true,,,,
machine,languages,suffixing-evidential-adjacency-chain,sipuy,complete,ok,213400,213400,213400,1,false,100,true,,,,
machine,languages,suffixing-evidential-adjacency-chain,walakni,complete,ok,243500,243500,243500,1,false,100,true,,,,
machine,languages,suffixing-evidential-adjacency-chain,walaknki,complete,ok,235900,235900,235900,1,false,100,true,,,,
machine,languages,suffixing-evidential-adjacency-chain,sipun,complete,ok,172700,172700,172700,1,false,100,true,,,,
machine,languages,suffixing-evidential-adjacency-chain,walaknichik,complete,ok,625000,625000,625000,1,false,100,true,,,,
machine,languages,suffixing-evidential-adjacency-chain,sipuymi,complete,ok,704800,704800,704800,1,false,100,true,,,,
machine,languages,suffixing-evidential-adjacency-chain,walaknkisi,complete,ok,712700,712700,712700,1,false,100,true,,,,
machine,languages,suffixing-evidential-adjacency-chain,walaknkishi,complete,ok,583300,583300,583300,1,false,100,true,,,,
machine,languages,suffixing-evidential-adjacency-chain,sipuncha,complete,ok,356000,356000,356000,1,false,100,true,,,,
machine,languages,suffixing-evidential-adjacency-chain,takiy,complete,ok,289500,289500,289500,1,false,100,true,,,,
machine,languages,suffixing-evidential-adjacency-chain,kantay,complete,ok,321900,321900,321900,1,false,100,true,,,,
machine,languages,suffixing-evidential-adjacency-chain,takincha,complete,ok,490700,490700,490700,1,false,100,true,,,,
machine,languages,suffixing-evidential-adjacency-chain,kantancha,complete,ok,667100,667100,667100,1,false,100,false,,,,
machine,languages,suffixing-evidential-adjacency-chain,walaknitan,complete,ok,724200,724200,724200,1,false,100,true,,,,
machine,languages,suffixing-evidential-adjacency-chain,walaknichiktan,complete,ok,1430700,1430700,1430700,1,false,100,true,,,,
machine,languages,suffixing-evidential-adjacency-chain,walakntan,complete,ok,533100,533100,533100,1,false,100,false,,,,
machine,languages,suffixing-evidential-adjacency-chain,walakniwas,complete,ok,689800,689800,689800,1,false,100,true,,,,
machine,languages,suffixing-evidential-adjacency-chain,walaknichikwas,complete,ok,1190300,1190300,1190300,1,false,100,false,,,,
machine,languages,suffixing-evidential-adjacency-chain,siputukumi,complete,ok,488700,488700,488700,1,false,100,true,,,,
machine,languages,suffixing-evidential-adjacency-chain,siputukuchikmi,complete,ok,923000,923000,923000,1,false,100,true,,,,
machine,languages,suffixing-evidential-adjacency-chain,siputuku,complete,ok,208600,208600,208600,1,false,100,false,,,,
machine,languages,suffixing-evidential-adjacency-chain,sipulupami,complete,ok,489300,489300,489300,1,false,100,true,,,,
machine,languages,suffixing-evidential-adjacency-chain,sipulupachikmi,complete,ok,913900,913900,913900,1,false,100,false,,,,
machine,languages,suffixing-evidential-adjacency-chain,walaknkichikmi,complete,ok,978100,978100,978100,1,false,100,true,,,,
machine,languages,suffixing-evidential-adjacency-chain,walakchik,complete,ok,192400,192400,192400,1,false,100,false,,,,
machine,languages,suffixing-evidential-adjacency-chain,walaknkicha,complete,ok,504100,504100,504100,1,false,100,false,,,,
machine,languages,suffixing-evidential-adjacency-chain,tupay,compiled,ok,209400,209400,209400,1,false,100,true,,,,
machine,languages,suffixing-evidential-adjacency-chain,sipuy,compiled,ok,125300,125300,125300,1,false,100,true,,,,
machine,languages,suffixing-evidential-adjacency-chain,walakni,compiled,ok,132000,132000,132000,1,false,100,true,,,,
machine,languages,suffixing-evidential-adjacency-chain,walaknki,compiled,ok,93000,93000,93000,1,false,100,true,,,,
machine,languages,suffixing-evidential-adjacency-chain,sipun,compiled,ok,81800,81800,81800,1,false,100,true,,,,
machine,languages,suffixing-evidential-adjacency-chain,walaknichik,compiled,ok,374100,374100,374100,1,false,100,true,,,,
machine,languages,suffixing-evidential-adjacency-chain,sipuymi,compiled,ok,337100,337100,337100,1,false,100,true,,,,
machine,languages,suffixing-evidential-adjacency-chain,walaknkisi,compiled,ok,313100,313100,313100,1,false,100,true,,,,
machine,languages,suffixing-evidential-adjacency-chain,walaknkishi,compiled,ok,308300,308300,308300,1,false,100,true,,,,
machine,languages,suffixing-evidential-adjacency-chain,sipuncha,compiled,ok,197700,197700,197700,1,false,100,true,,,,
machine,languages,suffixing-evidential-adjacency-chain,takiy,compiled,ok,208900,208900,208900,1,false,100,true,,,,
machine,languages,suffixing-evidential-adjacency-chain,kantay,compiled,ok,215600,215600,215600,1,false,100,true,,,,
machine,languages,suffixing-evidential-adjacency-chain,takincha,compiled,ok,315400,315400,315400,1,false,100,true,,,,
machine,languages,suffixing-evidential-adjacency-chain,kantancha,compiled,ok,336100,336100,336100,1,false,100,false,,,,
machine,languages,suffixing-evidential-adjacency-chain,walaknitan,compiled,ok,374200,374200,374200,1,false,100,true,,,,
machine,languages,suffixing-evidential-adjacency-chain,walaknichiktan,compiled,ok,816600,816600,816600,1,false,100,true,,,,
machine,languages,suffixing-evidential-adjacency-chain,walakntan,compiled,ok,241200,241200,241200,1,false,100,false,,,,
machine,languages,suffixing-evidential-adjacency-chain,walakniwas,compiled,ok,372500,372500,372500,1,false,100,true,,,,
machine,languages,suffixing-evidential-adjacency-chain,walaknichikwas,compiled,ok,936500,936500,936500,1,false,100,false,,,,
machine,languages,suffixing-evidential-adjacency-chain,siputukumi,compiled,ok,245700,245700,245700,1,false,100,true,,,,
machine,languages,suffixing-evidential-adjacency-chain,siputukuchikmi,compiled,ok,550700,550700,550700,1,false,100,true,,,,
machine,languages,suffixing-evidential-adjacency-chain,siputuku,compiled,ok,84900,84900,84900,1,false,100,false,,,,
machine,languages,suffixing-evidential-adjacency-chain,sipulupami,compiled,ok,250200,250200,250200,1,false,100,true,,,,
machine,languages,suffixing-evidential-adjacency-chain,sipulupachikmi,compiled,ok,530700,530700,530700,1,false,100,false,,,,
machine,languages,suffixing-evidential-adjacency-chain,walaknkichikmi,compiled,ok,539300,539300,539300,1,false,100,true,,,,
machine,languages,suffixing-evidential-adjacency-chain,walakchik,compiled,ok,54000,54000,54000,1,false,100,false,,,,
machine,languages,suffixing-evidential-adjacency-chain,walaknkicha,compiled,ok,254800,254800,254800,1,false,100,false,,,,
machine,languages,suffixing-extension-slot-ordering,mba,complete,ok,86000,86000,86000,1,false,100,true,,,,
machine,languages,suffixing-extension-slot-ordering,mpa,complete,ok,74000,74000,74000,1,false,100,false,,,,
machine,languages,suffixing-extension-slot-ordering,lima,complete,ok,99100,99100,99100,1,false,100,true,,,,
machine,languages,suffixing-extension-slot-ordering,limaile,complete,ok,184300,184300,184300,1,false,100,true,,,,
machine,languages,suffixing-extension-slot-ordering,limape,complete,ok,148200,148200,148200,1,false,100,true,,,,
machine,languages,suffixing-extension-slot-ordering,limapeile,complete,ok,241500,241500,241500,1,false,100,false,,,,
machine,languages,suffixing-extension-slot-ordering,kib,complete,ok,56500,56500,56500,1,false,100,true,,,,
machine,languages,suffixing-extension-slot-ordering,bel,complete,ok,54100,54100,54100,1,false,100,true,,,,
machine,languages,suffixing-extension-slot-ordering,nal,complete,ok,52900,52900,52900,1,false,100,true,,,,
machine,languages,suffixing-extension-slot-ordering,xkib,complete,ok,104100,104100,104100,1,false,100,true,,,,
machine,languages,suffixing-extension-slot-ordering,yxkib,complete,ok,132600,132600,132600,1,false,100,true,,,,
machine,languages,suffixing-extension-slot-ordering,xkibz,complete,ok,140200,140200,140200,1,false,100,true,,,,
machine,languages,suffixing-extension-slot-ordering,yxkibz,complete,ok,212600,212600,212600,1,false,100,false,,,,
machine,languages,suffixing-extension-slot-ordering,kibw,complete,ok,102600,102600,102600,1,false,100,true,,,,
machine,languages,suffixing-extension-slot-ordering,belw,complete,ok,87900,87900,87900,1,false,100,false,,,,
machine,languages,suffixing-extension-slot-ordering,nalw,complete,ok,85200,85200,85200,1,false,100,false,,,,
machine,languages,suffixing-extension-slot-ordering,kibh,complete,ok,95000,95000,95000,1,false,100,false,,,,
machine,languages,suffixing-extension-slot-ordering,belh,complete,ok,104200,104200,104200,1,false,100,true,,,,
machine,languages,suffixing-extension-slot-ordering,nalh,complete,ok,91200,91200,91200,1,false,100,false,,,,
machine,languages,suffixing-extension-slot-ordering,kimbia,complete,ok,171800,171800,171800,1,false,100,true,,,,
machine,languages,suffixing-extension-slot-ordering,kimbiakimbia,complete,ok,422800,422800,422800,1,false,100,true,,,,
machine,languages,suffixing-extension-slot-ordering,andika,complete,ok,208600,208600,208600,1,false,100,true,,,,
machine,languages,suffixing-extension-slot-ordering,andik,complete,ok,89500,89500,89500,1,false,100,false,,,,
machine,languages,suffixing-extension-slot-ordering,andikisha,complete,ok,491400,491400,491400,1,false,100,true,,,,
machine,languages,suffixing-extension-slot-ordering,andikila,complete,ok,403000,403000,403000,1,false,100,true,,,,
machine,languages,suffixing-extension-slot-ordering,andikishila,complete,ok,686300,686300,686300,1,false,100,true,,,,
machine,languages,suffixing-extension-slot-ordering,andikilisha,complete,ok,484900,484900,484900,1,false,100,true,,,,
machine,languages,suffixing-extension-slot-ordering,dabep,complete,ok,144300,144300,144300,1,false,100,true,,,,
machine,languages,suffixing-extension-slot-ordering,dabepez,complete,ok,216300,216300,216300,1,false,100,true,,,,
machine,languages,suffixing-extension-slot-ordering,dabez,complete,ok,151800,151800,151800,1,false,100,true,,,,
machine,languages,suffixing-extension-slot-ordering,kes,complete,ok,61000,61000,61000,1,false,100,true,,,,
machine,languages,suffixing-extension-slot-ordering,kesez,complete,ok,128300,128300,128300,1,false,100,false,,,,
machine,languages,suffixing-extension-slot-ordering,siliz,complete,ok,136300,136300,136300,1,false,100,true,,,,
machine,languages,suffixing-extension-slot-ordering,siliziz,complete,ok,181400,181400,181400,1,false,100,false,,,,
machine,languages,suffixing-extension-slot-ordering,daleh,complete,ok,160300,160300,160300,1,false,100,true,,,,
machine,languages,suffixing-extension-slot-ordering,daheh,complete,ok,132100,132100,132100,1,false,100,false,,,,
machine,languages,suffixing-extension-slot-ordering,zimed,complete,ok,156400,156400,156400,1,false,100,false,,,,
machine,languages,suffixing-extension-slot-ordering,zamed,complete,ok,165500,165500,165500,1,false,100,false,,,,
machine,languages,suffixing-extension-slot-ordering,,compiled,refused,,,,,false,100,,mpr-group.overwrite-output,MprGroup 0 (Overwrite),mpr-group.overwrite-output stays FailClosed permanently by default: a monotone-accumulation admission filter is unsound for history-dependent Overwrite replace semantics (pg_grammar::model::mpr_add_output's own doc; ADR 0001's own worked confirm-only trap). The ADR 0005 capability override is the on-ramp to force-compile it.,
machine,languages,suffixing-vowel-harmony,semitide,complete,ok,298300,298300,298300,1,false,100,true,,,,
machine,languages,suffixing-vowel-harmony,semitile,complete,ok,280600,280600,280600,1,false,100,true,,,,
machine,languages,suffixing-vowel-harmony,semitideler,complete,ok,590300,590300,590300,1,false,100,true,,,,
machine,languages,suffixing-vowel-harmony,kutagida,complete,ok,333400,333400,333400,1,false,100,true,,,,
machine,languages,suffixing-vowel-harmony,kutagila,complete,ok,347600,347600,347600,1,false,100,true,,,,
machine,languages,suffixing-vowel-harmony,kutak,complete,ok,119400,119400,119400,1,false,100,false,,,,
machine,languages,suffixing-vowel-harmony,kutakler,complete,ok,165000,165000,165000,1,false,100,false,,,,
machine,languages,suffixing-vowel-harmony,unitide,complete,ok,229100,229100,229100,1,false,100,true,,,,
machine,languages,suffixing-vowel-harmony,untda,complete,ok,109200,109200,109200,1,false,100,false,,,,
machine,languages,suffixing-vowel-harmony,gan,complete,ok,61200,61200,61200,1,false,100,true,,,,
machine,languages,suffixing-vowel-harmony,guan,complete,ok,109300,109300,109300,1,false,100,true,,,,
machine,languages,suffixing-vowel-harmony,tem,complete,ok,56600,56600,56600,1,false,100,true,,,,
machine,languages,suffixing-vowel-harmony,sal,complete,ok,54500,54500,54500,1,false,100,true,,,,
machine,languages,suffixing-vowel-harmony,etemik,complete,ok,140100,140100,140100,1,false,100,false,,,,
machine,languages,suffixing-vowel-harmony,esalik,complete,ok,138800,138800,138800,1,false,100,false,,,,
machine,languages,suffixing-vowel-harmony,duii,complete,ok,96300,96300,96300,1,false,100,false,,,,
machine,languages,suffixing-vowel-harmony,duy,complete,ok,121000,121000,121000,1,false,100,true,,,,
machine,languages,suffixing-vowel-harmony,sueeb,complete,ok,347900,347900,347900,1,false,100,false,,,,
machine,languages,suffixing-vowel-harmony,sueb,complete,ok,317700,317700,317700,1,false,100,true,,,,
machine,languages,suffixing-vowel-harmony,sat,complete,ok,57600,57600,57600,1,false,100,true,,,,
machine,languages,suffixing-vowel-harmony,set,complete,ok,56500,56500,56500,1,false,100,true,,,,
machine,languages,suffixing-vowel-harmony,satun,complete,ok,125600,125600,125600,1,false,100,true,,,,
machine,languages,suffixing-vowel-harmony,setin,complete,ok,122100,122100,122100,1,false,100,true,,,,
machine,languages,suffixing-vowel-harmony,semitide,compiled,ok,340500,340500,340500,1,false,100,true,,,,
machine,languages,suffixing-vowel-harmony,semitile,compiled,ok,251600,251600,251600,1,false,100,true,,,,
machine,languages,suffixing-vowel-harmony,semitideler,compiled,ok,517000,517000,517000,1,false,100,true,,,,
machine,languages,suffixing-vowel-harmony,kutagida,compiled,ok,371100,371100,371100,1,false,100,true,,,,
machine,languages,suffixing-vowel-harmony,kutagila,compiled,ok,288400,288400,288400,1,false,100,true,,,,
machine,languages,suffixing-vowel-harmony,kutak,compiled,ok,52700,52700,52700,1,false,100,false,,,,
machine,languages,suffixing-vowel-harmony,kutakler,compiled,ok,101700,101700,101700,1,false,100,false,,,,
machine,languages,suffixing-vowel-harmony,unitide,compiled,ok,238300,238300,238300,1,false,100,true,,,,
machine,languages,suffixing-vowel-harmony,untda,compiled,ok,900,900,900,1,false,100,false,,,,
machine,languages,suffixing-vowel-harmony,gan,compiled,ok,57400,57400,57400,1,false,100,true,,,,
machine,languages,suffixing-vowel-harmony,guan,compiled,ok,97800,97800,97800,1,false,100,true,,,,
machine,languages,suffixing-vowel-harmony,tem,compiled,ok,51500,51500,51500,1,false,100,true,,,,
machine,languages,suffixing-vowel-harmony,sal,compiled,ok,55600,55600,55600,1,false,100,true,,,,
machine,languages,suffixing-vowel-harmony,etemik,compiled,ok,600,600,600,1,false,100,false,,,,
machine,languages,suffixing-vowel-harmony,esalik,compiled,ok,600,600,600,1,false,100,false,,,,
machine,languages,suffixing-vowel-harmony,duii,compiled,ok,76700,76700,76700,1,false,100,false,,,,
machine,languages,suffixing-vowel-harmony,duy,compiled,ok,63100,63100,63100,1,false,100,true,,,,
machine,languages,suffixing-vowel-harmony,sueeb,compiled,ok,78200,78200,78200,1,false,100,false,,,,
machine,languages,suffixing-vowel-harmony,sueb,compiled,ok,79100,79100,79100,1,false,100,true,,,,
machine,languages,suffixing-vowel-harmony,sat,compiled,ok,53900,53900,53900,1,false,100,true,,,,
machine,languages,suffixing-vowel-harmony,set,compiled,ok,51600,51600,51600,1,false,100,true,,,,
machine,languages,suffixing-vowel-harmony,satun,compiled,ok,125100,125100,125100,1,false,100,true,,,,
machine,languages,suffixing-vowel-harmony,setin,compiled,ok,120900,120900,120900,1,false,100,true,,,,
machine,languages,templatic-root-modification,katab,complete,ok,90800,90800,90800,1,false,100,true,,,,
machine,languages,templatic-root-modification,katabit,complete,ok,175700,175700,175700,1,false,100,true,,,,
machine,languages,templatic-root-modification,katabt,complete,ok,121200,121200,121200,1,false,100,false,,,,
machine,languages,templatic-root-modification,kataba,complete,ok,152100,152100,152100,1,false,100,true,,,,
machine,languages,templatic-root-modification,spr,complete,ok,42700,42700,42700,1,false,100,true,,,,
machine,languages,templatic-root-modification,sapr,complete,ok,78800,78800,78800,1,false,100,true,,,,
machine,languages,templatic-root-modification,smm,complete,ok,43300,43300,43300,1,false,100,true,,,,
machine,languages,templatic-root-modification,samm,complete,ok,72900,72900,72900,1,false,100,false,,,,
machine,languages,templatic-root-modification,qal,complete,ok,55500,55500,55500,1,false,100,true,,,,
machine,languages,templatic-root-modification,qil,complete,ok,135900,135900,135900,1,false,100,true,,,,
machine,languages,templatic-root-modification,halak,complete,ok,97700,97700,97700,1,false,100,true,,,,
machine,languages,templatic-root-modification,halaku,complete,ok,157900,157900,157900,1,false,100,false,,,,
machine,languages,templatic-root-modification,hilaku,complete,ok,185100,185100,185100,1,false,100,true,,,,
machine,languages,templatic-root-modification,hilaka,complete,ok,242200,242200,242200,1,false,100,false,,,,
machine,languages,templatic-root-modification,hilaki,complete,ok,221400,221400,221400,1,false,100,true,,,,
machine,languages,templatic-root-modification,hulaka,complete,ok,199800,199800,199800,1,false,100,true,,,,
machine,languages,templatic-root-modification,hulaku,complete,ok,142600,142600,142600,1,false,100,false,,,,
machine,languages,templatic-root-modification,hulaki,complete,ok,160000,160000,160000,1,false,100,true,,,,
machine,languages,templatic-root-modification,gigugu,complete,ok,293200,293200,293200,1,false,100,true,,,,
machine,languages,templatic-root-modification,gigugi,complete,ok,251300,251300,251300,1,false,100,true,,,,
machine,languages,templatic-root-modification,gigigi,complete,ok,233700,233700,233700,1,false,100,false,,,,
machine,languages,templatic-root-modification,iktub,complete,ok,115700,115700,115700,1,false,100,true,,,,
machine,languages,templatic-root-modification,ktub,complete,ok,56200,56200,56200,1,false,100,false,,,,
machine,languages,templatic-root-modification,radda,complete,ok,176200,176200,176200,1,false,100,true,,,,
machine,languages,templatic-root-modification,rada,complete,ok,99400,99400,99400,1,false,100,false,,,,
machine,languages,templatic-root-modification,,compiled,refused,,,,,false,100,,circumfix-output-action.faithful-structural-composite,mrule 3 allomorph #0 (LHS-material-dropping output action),"no allomorph of this allomorph's own rule classifies as crate::emit::Role::CircumfixPrefix (crate::emit::classify_affix, scanned over every allomorph), and its first allomorph does not classify as crate::emit::Role::None/Prefix/Suffix with LHS-material-dropping content either, or the rule uses OutputAction::Modify/InsertContext, so crate::emit::is_structural_rule never routes it through the faithful build_structural_composites construction -- the real compiler already honestly skips (reports uncovered) this exact allomorph rather than silently mis-compiling it",
staging,edge-cases,bistratal-overlapping-segment-representation,des,complete,ok,18300,18300,18300,1,false,100,true,,,,
staging,edge-cases,bistratal-overlapping-segment-representation,sed,complete,ok,15400,15400,15400,1,false,100,true,,,,
staging,edge-cases,bistratal-overlapping-segment-representation,basi,complete,ok,500,500,500,1,false,100,false,,,,
staging,edge-cases,bistratal-overlapping-segment-representation,abis,complete,ok,500,500,500,1,false,100,false,,,,
staging,edge-cases,bistratal-overlapping-segment-representation,eds,complete,ok,7700,7700,7700,1,false,100,false,,,,
staging,edge-cases,bistratal-overlapping-segment-representation,des,compiled,ok,20200,20200,20200,1,false,100,true,,,,
staging,edge-cases,bistratal-overlapping-segment-representation,sed,compiled,ok,17900,17900,17900,1,false,100,true,,,,
staging,edge-cases,bistratal-overlapping-segment-representation,basi,compiled,ok,2000,2000,2000,1,false,100,false,,,,
staging,edge-cases,bistratal-overlapping-segment-representation,abis,compiled,ok,1900,1900,1900,1,false,100,false,,,,
staging,edge-cases,bistratal-overlapping-segment-representation,eds,compiled,ok,500,500,500,1,false,100,false,,,,
staging,edge-cases,circumfix-infix-interior-action-precedence,bat,complete,ok,17600,17600,17600,1,false,100,true,,,,
staging,edge-cases,circumfix-infix-interior-action-precedence,kebzatan,complete,ok,50900,50900,50900,1,false,100,true,,,,
staging,edge-cases,circumfix-infix-interior-action-precedence,bat,compiled,ok,20400,20400,20400,1,false,100,true,,,,
staging,edge-cases,circumfix-infix-interior-action-precedence,kebzatan,compiled,ok,51600,51600,51600,1,false,100,true,,,,
staging,edge-cases,circumfix-non-first-allomorph-selection,mit,complete,ok,19100,19100,19100,1,false,100,true,,,,
staging,edge-cases,circumfix-non-first-allomorph-selection,mits,complete,ok,49500,49500,49500,1,false,100,true,,,,
staging,edge-cases,circumfix-non-first-allomorph-selection,kemitan,complete,ok,51900,51900,51900,1,false,100,true,,,,
staging,edge-cases,circumfix-non-first-allomorph-selection,mit,compiled,ok,20200,20200,20200,1,false,100,true,,,,
staging,edge-cases,circumfix-non-first-allomorph-selection,mits,compiled,ok,51600,51600,51600,1,false,100,true,,,,
staging,edge-cases,circumfix-non-first-allomorph-selection,kemitan,compiled,ok,52400,52400,52400,1,false,100,true,,,,
staging,edge-cases,circumfix-reduplication-precedence,tam,complete,ok,17500,17500,17500,1,false,100,true,,,,
staging,edge-cases,circumfix-reduplication-precedence,ketamtaman,complete,ok,114300,114300,114300,1,false,100,true,,,,
staging,edge-cases,circumfix-reduplication-precedence,tam,compiled,ok,19200,19200,19200,1,false,100,true,,,,
staging,edge-cases,circumfix-reduplication-precedence,ketamtaman,compiled,ok,111300,111300,111300,1,false,100,true,,,,
staging,edge-cases,compounding-non-recursive,fasu,complete,ok,29300,29300,29300,1,false,100,true,,,,
staging,edge-cases,compounding-non-recursive,bel,complete,ok,19400,19400,19400,1,false,100,true,,,,
staging,edge-cases,compounding-non-recursive,zon,complete,ok,18900,18900,18900,1,false,100,true,,,,
staging,edge-cases,compounding-non-recursive,numo,complete,ok,24700,24700,24700,1,false,100,true,,,,
staging,edge-cases,compounding-non-recursive,tiku,complete,ok,24000,24000,24000,1,false,100,true,,,,
staging,edge-cases,compounding-non-recursive,fasubel,complete,ok,72300,72300,72300,1,false,100,true,,,,
staging,edge-cases,compounding-non-recursive,fasuzon,complete,ok,36200,36200,36200,1,false,100,false,,,,
staging,edge-cases,compounding-non-recursive,tikubel,complete,ok,55800,55800,55800,1,false,100,false,,,,
staging,edge-cases,compounding-non-recursive,numobel,complete,ok,63400,63400,63400,1,false,100,false,,,,
staging,edge-cases,compounding-non-recursive,fasu,compiled,ok,19300,19300,19300,1,false,100,true,,,,
staging,edge-cases,compounding-non-recursive,bel,compiled,ok,14300,14300,14300,1,false,100,true,,,,
staging,edge-cases,compounding-non-recursive,zon,compiled,ok,13400,13400,13400,1,false,100,true,,,,
staging,edge-cases,compounding-non-recursive,numo,compiled,ok,14800,14800,14800,1,false,100,true,,,,
staging,edge-cases,compounding-non-recursive,tiku,compiled,ok,14500,14500,14500,1,false,100,true,,,,
staging,edge-cases,compounding-non-recursive,fasubel,compiled,ok,74200,74200,74200,1,false,100,true,,,,
staging,edge-cases,compounding-non-recursive,fasuzon,compiled,ok,37500,37500,37500,1,false,100,false,,,,
staging,edge-cases,compounding-non-recursive,tikubel,compiled,ok,800,800,800,1,false,100,false,,,,
staging,edge-cases,compounding-non-recursive,numobel,compiled,ok,600,600,600,1,false,100,false,,,,
staging,edge-cases,guesser-pattern-root-fallback,kad,complete,ok,22200,22200,22200,1,false,100,true,,,,
staging,edge-cases,guesser-pattern-root-fallback,gag,complete,ok,6600,6600,6600,1,false,100,false,,,,
staging,edge-cases,guesser-pattern-root-fallback,gagd,complete,ok,12900,12900,12900,1,false,100,false,,,,
staging,edge-cases,guesser-pattern-root-fallback,kad,compiled,ok,16800,16800,16800,1,false,100,true,,,,
staging,edge-cases,guesser-pattern-root-fallback,gag,compiled,ok,5800,5800,5800,1,false,100,false,,,,
staging,edge-cases,guesser-pattern-root-fallback,gagd,compiled,ok,14100,14100,14100,1,false,100,false,,,,
staging,edge-cases,infix-interdigitation,kotab,complete,ok,25900,25900,25900,1,false,100,true,,,,
staging,edge-cases,infix-interdigitation,kpfotab,complete,ok,55400,55400,55400,1,false,100,true,,,,
staging,edge-cases,infix-interdigitation,kcvotab,complete,ok,51000,51000,51000,1,false,100,true,,,,
staging,edge-cases,infix-interdigitation,ጸa,complete,ok,16900,16900,16900,1,false,100,true,,,,
staging,edge-cases,infix-interdigitation,ፀa,complete,ok,16600,16600,16600,1,false,100,true,,,,
staging,edge-cases,infix-interdigitation,ጸan,complete,ok,34900,34900,34900,1,false,100,true,,,,
staging,edge-cases,infix-interdigitation,kotab,compiled,ok,24600,24600,24600,1,false,100,true,,,,
staging,edge-cases,infix-interdigitation,kpfotab,compiled,ok,56500,56500,56500,1,false,100,true,,,,
staging,edge-cases,infix-interdigitation,kcvotab,compiled,ok,50800,50800,50800,1,false,100,true,,,,
staging,edge-cases,infix-interdigitation,ጸa,compiled,ok,19000,19000,19000,1,false,100,true,,,,
staging,edge-cases,infix-interdigitation,ፀa,compiled,ok,17900,17900,17900,1,false,100,true,,,,
staging,edge-cases,infix-interdigitation,ጸan,compiled,ok,41000,41000,41000,1,false,100,true,,,,
staging,edge-cases,mpr-gated-exception,tulik,complete,ok,55300,55300,55300,1,false,100,true,,,,
staging,edge-cases,mpr-gated-exception,menulik,complete,ok,150000,150000,150000,1,false,100,true,,,,
staging,edge-cases,mpr-gated-exception,balo,complete,ok,41200,41200,41200,1,false,100,true,,,,
staging,edge-cases,mpr-gated-exception,membalo,complete,ok,135900,135900,135900,1,false,100,true,,,,
staging,edge-cases,mpr-gated-exception,sanit,complete,ok,56300,56300,56300,1,false,100,true,,,,
staging,edge-cases,mpr-gated-exception,sanitan,complete,ok,111600,111600,111600,1,false,100,true,,,,
staging,edge-cases,mpr-gated-exception,vokad,complete,ok,43400,43400,43400,1,false,100,true,,,,
staging,edge-cases,mpr-gated-exception,vokadan,complete,ok,79400,79400,79400,1,false,100,false,,,,
staging,edge-cases,mpr-gated-exception,vokadi,complete,ok,77700,77700,77700,1,false,100,true,,,,
staging,edge-cases,mpr-gated-exception,tulik,compiled,ok,53000,53000,53000,1,false,100,true,,,,
staging,edge-cases,mpr-gated-exception,menulik,compiled,ok,134700,134700,134700,1,false,100,true,,,,
staging,edge-cases,mpr-gated-exception,balo,compiled,ok,42200,42200,42200,1,false,100,true,,,,
staging,edge-cases,mpr-gated-exception,membalo,compiled,ok,120900,120900,120900,1,false,100,true,,,,
staging,edge-cases,mpr-gated-exception,sanit,compiled,ok,47900,47900,47900,1,false,100,true,,,,
staging,edge-cases,mpr-gated-exception,sanitan,compiled,ok,180200,180200,180200,1,false,100,true,,,,
staging,edge-cases,mpr-gated-exception,vokad,compiled,ok,42500,42500,42500,1,false,100,true,,,,
staging,edge-cases,mpr-gated-exception,vokadan,compiled,ok,73100,73100,73100,1,false,100,false,,,,
staging,edge-cases,mpr-gated-exception,vokadi,compiled,ok,74800,74800,74800,1,false,100,true,,,,
staging,edge-cases,multi-table-metathesis-shared-representation,xw,complete,ok,30500,30500,30500,1,false,100,true,,,,
staging,edge-cases,multi-table-metathesis-shared-representation,wx,complete,ok,23200,23200,23200,1,false,100,false,,,,
staging,edge-cases,multi-table-metathesis-shared-representation,xm,complete,ok,30000,30000,30000,1,false,100,true,,,,
staging,edge-cases,multi-table-metathesis-shared-representation,mx,complete,ok,10600,10600,10600,1,false,100,false,,,,
staging,edge-cases,multi-table-metathesis-shared-representation,z,complete,ok,10100,10100,10100,1,false,100,false,,,,
staging,edge-cases,multi-table-metathesis-shared-representation,xw,compiled,ok,58100,58100,58100,1,false,100,true,,,,
staging,edge-cases,multi-table-metathesis-shared-representation,wx,compiled,ok,36700,36700,36700,1,false,100,false,,,,
staging,edge-cases,multi-table-metathesis-shared-representation,xm,compiled,ok,55300,55300,55300,1,false,100,true,,,,
staging,edge-cases,multi-table-metathesis-shared-representation,mx,compiled,ok,19200,19200,19200,1,false,100,false,,,,
staging,edge-cases,multi-table-metathesis-shared-representation,z,compiled,ok,1600,1600,1600,1,false,100,false,,,,
staging,edge-cases,optional-template-composite,sipu,complete,ok,81700,81700,81700,1,false,100,true,,,,
staging,edge-cases,optional-template-composite,kasiputa,complete,ok,122100,122100,122100,1,false,100,true,,,,
staging,edge-cases,optional-template-composite,monu,complete,ok,62200,62200,62200,1,false,100,true,,,,
staging,edge-cases,optional-template-composite,pimonu,complete,ok,79000,79000,79000,1,false,100,true,,,,
staging,edge-cases,optional-template-composite,monuki,complete,ok,83000,83000,83000,1,false,100,true,,,,
staging,edge-cases,optional-template-composite,pimonuki,complete,ok,127000,127000,127000,1,false,100,true,,,,
staging,edge-cases,optional-template-composite,waru,complete,ok,61500,61500,61500,1,false,100,true,,,,
staging,edge-cases,optional-template-composite,warmo,complete,ok,65000,65000,65000,1,false,100,true,,,,
staging,edge-cases,optional-template-composite,warmolu,complete,ok,96600,96600,96600,1,false,100,true,,,,
staging,edge-cases,optional-template-composite,toʼa,complete,ok,59500,59500,59500,1,false,100,true,,,,
staging,edge-cases,optional-template-composite,katoʼata,complete,ok,117600,117600,117600,1,false,100,true,,,,
staging,edge-cases,optional-template-composite,sipu,compiled,ok,62800,62800,62800,1,false,100,true,,,,
staging,edge-cases,optional-template-composite,kasiputa,compiled,ok,95800,95800,95800,1,false,100,true,,,,
staging,edge-cases,optional-template-composite,monu,compiled,ok,56200,56200,56200,1,false,100,true,,,,
staging,edge-cases,optional-template-composite,pimonu,compiled,ok,65900,65900,65900,1,false,100,true,,,,
staging,edge-cases,optional-template-composite,monuki,compiled,ok,70900,70900,70900,1,false,100,true,,,,
staging,edge-cases,optional-template-composite,pimonuki,compiled,ok,124700,124700,124700,1,false,100,true,,,,
staging,edge-cases,optional-template-composite,waru,compiled,ok,56900,56900,56900,1,false,100,true,,,,
staging,edge-cases,optional-template-composite,warmo,compiled,ok,61100,61100,61100,1,false,100,true,,,,
staging,edge-cases,optional-template-composite,warmolu,compiled,ok,77700,77700,77700,1,false,100,true,,,,
staging,edge-cases,optional-template-composite,toʼa,compiled,ok,56100,56100,56100,1,false,100,true,,,,
staging,edge-cases,optional-template-composite,katoʼata,compiled,ok,94800,94800,94800,1,false,100,true,,,,
staging,edge-cases,recursive-endocentric-compounding,tevi,complete,ok,29000,29000,29000,1,false,100,true,,,,
staging,edge-cases,recursive-endocentric-compounding,mafl,complete,ok,25200,25200,25200,1,false,100,true,,,,
staging,edge-cases,recursive-endocentric-compounding,isra,complete,ok,24400,24400,24400,1,false,100,true,,,,
staging,edge-cases,recursive-endocentric-compounding,tevimafl,complete,ok,90300,90300,90300,1,false,100,true,,,,
staging,edge-cases,recursive-endocentric-compounding,maflisra,complete,ok,87100,87100,87100,1,false,100,true,,,,
staging,edge-cases,recursive-endocentric-compounding,tevimaflisra,complete,ok,103000,103000,103000,1,false,100,false,,,,
staging,edge-cases,recursive-endocentric-compounding,tevi,compiled,ok,18700,18700,18700,1,false,100,true,,,,
staging,edge-cases,recursive-endocentric-compounding,mafl,compiled,ok,15200,15200,15200,1,false,100,true,,,,
staging,edge-cases,recursive-endocentric-compounding,isra,compiled,ok,15100,15100,15100,1,false,100,true,,,,
staging,edge-cases,recursive-endocentric-compounding,tevimafl,compiled,ok,107500,107500,107500,1,false,100,true,,,,
staging,edge-cases,recursive-endocentric-compounding,maflisra,compiled,ok,93700,93700,93700,1,false,100,true,,,,
staging,edge-cases,recursive-endocentric-compounding,tevimaflisra,compiled,ok,108600,108600,108600,1,false,100,false,,,,
staging,edge-cases,right-to-left-anchor-environment,aae,complete,ok,29800,29800,29800,1,false,100,true,,,,
staging,edge-cases,right-to-left-anchor-environment,ae,complete,ok,22000,22000,22000,1,false,100,true,,,,
staging,edge-cases,right-to-left-anchor-environment,aaa,complete,ok,20200,20200,20200,1,false,100,false,,,,
staging,edge-cases,right-to-left-anchor-environment,aa,complete,ok,16500,16500,16500,1,false,100,false,,,,
staging,edge-cases,right-to-left-anchor-environment,eaa,complete,ok,8000,8000,8000,1,false,100,false,,,,
staging,edge-cases,right-to-left-anchor-environment,aea,complete,ok,7700,7700,7700,1,false,100,false,,,,
staging,edge-cases,right-to-left-anchor-environment,aae,compiled,ok,39200,39200,39200,1,false,100,true,,,,
staging,edge-cases,right-to-left-anchor-environment,ae,compiled,ok,35100,35100,35100,1,false,100,true,,,,
staging,edge-cases,right-to-left-anchor-environment,aaa,compiled,ok,58600,58600,58600,1,false,100,false,,,,
staging,edge-cases,right-to-left-anchor-environment,aa,compiled,ok,25800,25800,25800,1,false,100,false,,,,
staging,edge-cases,right-to-left-anchor-environment,eaa,compiled,ok,500,500,500,1,false,100,false,,,,
staging,edge-cases,right-to-left-anchor-environment,aea,compiled,ok,700,700,700,1,false,100,false,,,,
staging,edge-cases,right-to-left-bounded-quantifier-rewrite,acet,complete,ok,31100,31100,31100,1,false,100,true,,,,
staging,edge-cases,right-to-left-bounded-quantifier-rewrite,ecct,complete,ok,26300,26300,26300,1,false,100,true,,,,
staging,edge-cases,right-to-left-bounded-quantifier-rewrite,accct,complete,ok,22600,22600,22600,1,false,100,true,,,,
staging,edge-cases,right-to-left-bounded-quantifier-rewrite,acat,complete,ok,21200,21200,21200,1,false,100,false,,,,
staging,edge-cases,right-to-left-bounded-quantifier-rewrite,acct,complete,ok,19800,19800,19800,1,false,100,false,,,,
staging,edge-cases,right-to-left-bounded-quantifier-rewrite,acet,compiled,ok,57100,57100,57100,1,false,100,true,,,,
staging,edge-cases,right-to-left-bounded-quantifier-rewrite,ecct,compiled,ok,30800,30800,30800,1,false,100,true,,,,
staging,edge-cases,right-to-left-bounded-quantifier-rewrite,accct,compiled,ok,26800,26800,26800,1,false,100,true,,,,
staging,edge-cases,right-to-left-bounded-quantifier-rewrite,acat,compiled,ok,23700,23700,23700,1,false,100,false,,,,
staging,edge-cases,right-to-left-bounded-quantifier-rewrite,acct,compiled,ok,21900,21900,21900,1,false,100,false,,,,
staging,edge-cases,right-to-left-cross-table-segments-environment,ey,complete,ok,28300,28300,28300,1,false,100,true,,,,
staging,edge-cases,right-to-left-cross-table-segments-environment,a,complete,ok,19200,19200,19200,1,false,100,true,,,,
staging,edge-cases,right-to-left-cross-table-segments-environment,ay,complete,ok,20400,20400,20400,1,false,100,false,,,,
staging,edge-cases,right-to-left-cross-table-segments-environment,e,complete,ok,10900,10900,10900,1,false,100,false,,,,
staging,edge-cases,right-to-left-cross-table-segments-environment,y,complete,ok,9600,9600,9600,1,false,100,false,,,,
staging,edge-cases,right-to-left-cross-table-segments-environment,ey,compiled,ok,40800,40800,40800,1,false,100,true,,,,
staging,edge-cases,right-to-left-cross-table-segments-environment,a,compiled,ok,30000,30000,30000,1,false,100,true,,,,
staging,edge-cases,right-to-left-cross-table-segments-environment,ay,compiled,ok,30900,30900,30900,1,false,100,false,,,,
staging,edge-cases,right-to-left-cross-table-segments-environment,e,compiled,ok,400,400,400,1,false,100,false,,,,
staging,edge-cases,right-to-left-cross-table-segments-environment,y,compiled,ok,400,400,400,1,false,100,false,,,,
staging,edge-cases,right-to-left-metathesis-reversal,sq,complete,ok,25100,25100,25100,1,false,100,true,,,,
staging,edge-cases,right-to-left-metathesis-reversal,tr,complete,ok,21000,21000,21000,1,false,100,true,,,,
staging,edge-cases,right-to-left-metathesis-reversal,qs,complete,ok,16900,16900,16900,1,false,100,false,,,,
staging,edge-cases,right-to-left-metathesis-reversal,rt,complete,ok,15900,15900,15900,1,false,100,false,,,,
staging,edge-cases,right-to-left-metathesis-reversal,sr,complete,ok,10700,10700,10700,1,false,100,false,,,,
staging,edge-cases,right-to-left-metathesis-reversal,tq,complete,ok,9900,9900,9900,1,false,100,false,,,,
staging,edge-cases,right-to-left-metathesis-reversal,sq,compiled,ok,38600,38600,38600,1,false,100,true,,,,
staging,edge-cases,right-to-left-metathesis-reversal,tr,compiled,ok,37900,37900,37900,1,false,100,true,,,,
staging,edge-cases,right-to-left-metathesis-reversal,qs,compiled,ok,27100,27100,27100,1,false,100,false,,,,
staging,edge-cases,right-to-left-metathesis-reversal,rt,compiled,ok,27200,27200,27200,1,false,100,false,,,,
staging,edge-cases,right-to-left-metathesis-reversal,sr,compiled,ok,1600,1600,1600,1,false,100,false,,,,
staging,edge-cases,right-to-left-metathesis-reversal,tq,compiled,ok,500,500,500,1,false,100,false,,,,
staging,edge-cases,right-to-left-segments-environment,ey,complete,ok,27500,27500,27500,1,false,100,true,,,,
staging,edge-cases,right-to-left-segments-environment,a,complete,ok,16500,16500,16500,1,false,100,true,,,,
staging,edge-cases,right-to-left-segments-environment,ay,complete,ok,17500,17500,17500,1,false,100,false,,,,
staging,edge-cases,right-to-left-segments-environment,e,complete,ok,7600,7600,7600,1,false,100,false,,,,
staging,edge-cases,right-to-left-segments-environment,y,complete,ok,6500,6500,6500,1,false,100,false,,,,
staging,edge-cases,right-to-left-segments-environment,ey,compiled,ok,39800,39800,39800,1,false,100,true,,,,
staging,edge-cases,right-to-left-segments-environment,a,compiled,ok,20000,20000,20000,1,false,100,true,,,,
staging,edge-cases,right-to-left-segments-environment,ay,compiled,ok,26300,26300,26300,1,false,100,false,,,,
staging,edge-cases,right-to-left-segments-environment,e,compiled,ok,600,600,600,1,false,100,false,,,,
staging,edge-cases,right-to-left-segments-environment,y,compiled,ok,500,500,500,1,false,100,false,,,,
staging,edge-cases,segment-natural-class-table-binding,g,complete,ok,40600,40600,40600,1,false,100,true,,,,
staging,edge-cases,segment-natural-class-table-binding,k,complete,ok,19900,19900,19900,1,false,100,false,,,,
staging,edge-cases,segment-natural-class-table-binding,z,complete,ok,400,400,400,1,false,100,false,,,,
staging,edge-cases,segment-natural-class-table-binding,gk,complete,ok,15800,15800,15800,1,false,100,false,,,,
staging,edge-cases,segment-natural-class-table-binding,g,compiled,ok,45900,45900,45900,1,false,100,true,,,,
staging,edge-cases,segment-natural-class-table-binding,k,compiled,ok,32900,32900,32900,1,false,100,false,,,,
staging,edge-cases,segment-natural-class-table-binding,z,compiled,ok,3900,3900,3900,1,false,100,false,,,,
staging,edge-cases,segment-natural-class-table-binding,gk,compiled,ok,800,800,800,1,false,100,false,,,,
staging,edge-cases,simultaneous-subrule-genuine-overlap,be,complete,ok,35300,35300,35300,1,false,100,true,,,,
staging,edge-cases,simultaneous-subrule-genuine-overlap,de,complete,ok,26500,26500,26500,1,false,100,false,,,,
staging,edge-cases,simultaneous-subrule-genuine-overlap,bu,complete,ok,28200,28200,28200,1,false,100,true,,,,
staging,edge-cases,simultaneous-subrule-genuine-overlap,di,complete,ok,28100,28100,28100,1,false,100,true,,,,
staging,edge-cases,simultaneous-subrule-genuine-overlap,pu,complete,ok,21600,21600,21600,1,false,100,false,,,,
staging,edge-cases,simultaneous-subrule-genuine-overlap,pi,complete,ok,22300,22300,22300,1,false,100,false,,,,
staging,edge-cases,simultaneous-subrule-genuine-overlap,pe,complete,ok,22000,22000,22000,1,false,100,false,,,,
staging,edge-cases,simultaneous-subrule-genuine-overlap,bi,complete,ok,11100,11100,11100,1,false,100,false,,,,
staging,edge-cases,simultaneous-subrule-genuine-overlap,du,complete,ok,10300,10300,10300,1,false,100,false,,,,
staging,edge-cases,simultaneous-subrule-genuine-overlap,,compiled,refused,,,,,false,100,,simultaneous.subrule-overlap,prule 0 subrules 0/1,"subrules 0 and 1 are not mpr-gate-disjoint, and their lowered left_env/lhs_focus/right_env spans (Stage 1B, crate::lower) genuinely intersect at a shared focus position -- a real overlap witness, not an unproven approximation",
staging,edge-cases,standalone-combining-mark,pa,complete,ok,20200,20200,20200,1,false,100,true,,,,
staging,edge-cases,standalone-combining-mark,pá,complete,ok,17900,17900,17900,1,false,100,true,,,,
staging,edge-cases,standalone-combining-mark,pan,complete,ok,32800,32800,32800,1,false,100,true,,,,
staging,edge-cases,standalone-combining-mark,pán,complete,ok,32000,32000,32000,1,false,100,true,,,,
staging,edge-cases,standalone-combining-mark,pa,compiled,ok,31800,31800,31800,1,false,100,true,,,,
staging,edge-cases,standalone-combining-mark,pá,compiled,ok,18900,18900,18900,1,false,100,true,,,,
staging,edge-cases,standalone-combining-mark,pan,compiled,ok,34800,34800,34800,1,false,100,true,,,,
staging,edge-cases,standalone-combining-mark,pán,compiled,ok,37400,37400,37400,1,false,100,true,,,,
staging,edge-cases,subrule-morphosyntactic-gating,pat,complete,ok,48300,48300,48300,1,false,100,true,,,,
staging,edge-cases,subrule-morphosyntactic-gating,bat,complete,ok,47600,47600,47600,1,false,100,true,,,,
staging,edge-cases,subrule-morphosyntactic-gating,pat,compiled,ok,95300,95300,95300,1,false,100,true,,,,
staging,edge-cases,subrule-morphosyntactic-gating,bat,compiled,ok,1800,1800,1800,1,false,100,false,,,,
staging,edge-cases,template-category-sharing,kolo,complete,ok,28600,28600,28600,1,false,100,true,,,,
staging,edge-cases,template-category-sharing,pakolosa,complete,ok,104000,104000,104000,1,false,100,true,,,,
staging,edge-cases,template-category-sharing,takolola,complete,ok,98800,98800,98800,1,false,100,true,,,,
staging,edge-cases,template-category-sharing,pakolola,complete,ok,48500,48500,48500,1,false,100,false,,,,
staging,edge-cases,template-category-sharing,takolosa,complete,ok,58000,58000,58000,1,false,100,false,,,,
staging,edge-cases,template-category-sharing,mbili,complete,ok,47900,47900,47900,1,false,100,true,,,,
staging,edge-cases,template-category-sharing,kolo,compiled,ok,24100,24100,24100,1,false,100,true,,,,
staging,edge-cases,template-category-sharing,pakolosa,compiled,ok,99800,99800,99800,1,false,100,true,,,,
staging,edge-cases,template-category-sharing,takolola,compiled,ok,95100,95100,95100,1,false,100,true,,,,
staging,edge-cases,template-category-sharing,pakolola,compiled,ok,43200,43200,43200,1,false,100,false,,,,
staging,edge-cases,template-category-sharing,takolosa,compiled,ok,42500,42500,42500,1,false,100,false,,,,
staging,edge-cases,template-category-sharing,mbili,compiled,ok,39200,39200,39200,1,false,100,true,,,,
staging,edge-cases,two-table-shared-representation-recall,y,complete,ok,29600,29600,29600,1,false,100,true,,,,
staging,edge-cases,two-table-shared-representation-recall,x,complete,ok,10100,10100,10100,1,false,100,false,,,,
staging,edge-cases,two-table-shared-representation-recall,z,complete,ok,9900,9900,9900,1,false,100,false,,,,
staging,edge-cases,two-table-shared-representation-recall,q,complete,ok,20100,20100,20100,1,false,100,true,,,,
staging,edge-cases,two-table-shared-representation-recall,y,compiled,ok,600,600,600,1,false,100,false,,,,
staging,edge-cases,two-table-shared-representation-recall,x,compiled,ok,16000,16000,16000,1,false,100,false,,,,
staging,edge-cases,two-table-shared-representation-recall,z,compiled,ok,400,400,400,1,false,100,false,,,,
staging,edge-cases,two-table-shared-representation-recall,q,compiled,ok,37600,37600,37600,1,false,100,true,,,,
staging,edge-cases,unbounded-iterative-quantifier-expansion,ect,complete,ok,27700,27700,27700,1,false,100,true,,,,
staging,edge-cases,unbounded-iterative-quantifier-expansion,ecct,complete,ok,26400,26400,26400,1,false,100,true,,,,
staging,edge-cases,unbounded-iterative-quantifier-expansion,eccccct,complete,ok,37600,37600,37600,1,false,100,true,,,,
staging,edge-cases,unbounded-iterative-quantifier-expansion,at,complete,ok,15500,15500,15500,1,false,100,true,,,,
staging,edge-cases,unbounded-iterative-quantifier-expansion,act,complete,ok,17600,17600,17600,1,false,100,false,,,,
staging,edge-cases,unbounded-iterative-quantifier-expansion,acct,complete,ok,19200,19200,19200,1,false,100,false,,,,
staging,edge-cases,unbounded-iterative-quantifier-expansion,accccct,complete,ok,27400,27400,27400,1,false,100,false,,,,
staging,edge-cases,unbounded-iterative-quantifier-expansion,ect,compiled,ok,57500,57500,57500,1,false,100,true,,,,
staging,edge-cases,unbounded-iterative-quantifier-expansion,ecct,compiled,ok,43000,43000,43000,1,false,100,true,,,,
staging,edge-cases,unbounded-iterative-quantifier-expansion,eccccct,compiled,ok,47500,47500,47500,1,false,100,true,,,,
staging,edge-cases,unbounded-iterative-quantifier-expansion,at,compiled,ok,19300,19300,19300,1,false,100,true,,,,
staging,edge-cases,unbounded-iterative-quantifier-expansion,act,compiled,ok,20500,20500,20500,1,false,100,false,,,,
staging,edge-cases,unbounded-iterative-quantifier-expansion,acct,compiled,ok,21900,21900,21900,1,false,100,false,,,,
staging,edge-cases,unbounded-iterative-quantifier-expansion,accccct,compiled,ok,31000,31000,31000,1,false,100,false,,,,
