0	diwo	86	ok	-
1	akhabweka	750	ok	++++++|a+?(kh)a+?[(^0)(*0)(&0)∅]?+?b+?w+?ek+?a;++++++|a+?(kh)a+?[(^0)(*0)(&0)∅]?+?b+?w+?ek+?a;++++++|a+?(kh)a+?[(^0)(*0)(&0)∅]?+?b+?w+?ek+?a;+++++|a+?(kh)a+?b+?w+?ek+?a;+++++|a+?(kh)a+?b+?w+?ek+?a;+++++|a+?(kh)a+?b+?w+?ek+?a;++++|a+?(kh)a+?[(^0)(*0)(&0)∅]?+?bwek+?a;++++|a+?(kh)a+?[(^0)(*0)(&0)∅]?+?bwek+?a;++++|a+?(kh)a+?[(^0)(*0)(&0)∅]?+?bwek+?a;++++|a+?(kh)a+?[(^0)(*0)(&0)∅]?+?bwek+?a;++++|a+?(kh)a+?[(^0)(*0)(&0)∅]?+?bwek+?a;++++|a+?(kh)a+?[(^0)(*0)(&0)∅]?+?bwek+?a;+++|a+?(kh)a+?bwek+?a;+++|a+?(kh)a+?bwek+?a;+++|a+?(kh)a+?bwek+?a;+++|a+?(kh)a+?bwek+?a;+++|a+?(kh)a+?bwek+?a;+++|a+?(kh)a+?bwek+?a
2	anango	43	ok	++|a+?[mn]a[mn]g+?o;+|a+?[mn]a[mn]go;+|a+?[mn]a[mn]go
3	bweka	61	ok	-
4	kalani	700	ok	-
5	kukudziwani	11157	TIMEOUT	-
6	kuphataniza	31	ok	+++|ku+?[(^0)(*0)(&0)∅]?+?(ph)ata[mn]iz+?a;++|ku+?(ph)ata[mn]iz+?a
7	agumana	160	ok	+++|a+?[(^0)(*0)(&0)∅]?+?gu[mn]a[mn]+?a;++|a+?gu[mn]a[mn]+?a
8	kapulumuka	4278	ok	+++|ka+?[(^0)(*0)(&0)∅]?+?pulu[mn]uk+?a;++|ka+?pulu[mn]uk+?a
9	ano	27	ok	++|a+?[mn]+?o;+|a+?[mn]o
10	kutawirirwa	2915	ok	+++++|ku+?[(^0)(*0)(&0)∅]?+?tawir+?ir+?w+?a;++++|ku+?tawir+?ir+?w+?a
11	kundisandukira	7167	TIMEOUT	-
12	aena	15	ok	-
13	kutonga	18	ok	+++|ku+?[(^0)(*0)(&0)∅]?+?to[mn]g+?a;++|ku+?to[mn]g+?a
14	anyakupipoloza	720	ok	-
15	kunakhonda	55	ok	++++|ku+?[mn]a+?[(^0)(*0)(&0)∅]?+?(kh)o[mn]d+?a;++++|ku+?[mn]a+?[(^0)(*0)(&0)∅]?+?(kh)o[mn]d+?a;+++|ku+?[mn]a+?(kh)o[mn]d+?a;+++|ku+?[mn]a+?(kh)o[mn]d+?a
16	mbaani	570	ok	-
17	kwawo	112	ok	++|kw+?a+?wo
18	ikha	5	ok	-
19	inalonga	23	ok	-
20	mphale	6	ok	+|[mn]+?(ph)ale;+|[mn]+?(ph)ale;+|[mn]+?(ph)ale;+|[mn]+?(ph)ale;+|[mn]+?(ph)ale;+|[mn]+?(ph)ale;+|[mn]+?(ph)ale
21	zabuloni	2187	ok	-
22	serves	13	ok	-
23	wamaso	17	ok	-
24	kunacitirwa	8401	ok	++++++|ku+?[mn]a+?[(^0)(*0)(&0)∅]?+?cit+?ir+?w+?a;++++++|ku+?[mn]a+?[(^0)(*0)(&0)∅]?+?cit+?ir+?w+?a;+++++|ku+?[mn]a+?cit+?ir+?w+?a;+++++|ku+?[mn]a+?cit+?ir+?w+?a
25	py	1	ok	-
26	kueneko	570	ok	-
27	munabva	46	ok	++++|[mn]u+?[mn]a+?[(^0)(*0)(&0)∅]?+?(bv)+?a;++++|[mn]u+?[mn]a+?[(^0)(*0)(&0)∅]?+?(bv)+?a;+++|[mn]u+?[mn]a+?(bv)+?a;+++|[mn]u+?[mn]a+?(bv)+?a
28	kuchita	13	ok	+++|ku+?[(^0)(*0)(&0)∅]?+?(ch)it+?a;++|ku+?(ch)it+?a
29	kacita	101	ok	+++|ka+?[(^0)(*0)(&0)∅]?+?cit+?a;++|ka+?cit+?a
30	mankhadzi	1007	ok	++|[mn]a+?[mn]+?(kh)a(dz)i;++|[mn]a+?[mn]+?(kh)a(dz)i;++|[mn]a+?[mn]+?(kh)a(dz)i;+|[(^0)(*0)(&0)∅]?+?[mn]a[mn](kh)a(dz)i;+|[(^0)(*0)(&0)∅]?+?[mn]a[mn](kh)a(dz)i;+|[(^0)(*0)(&0)∅]?+?[mn]a[mn](kh)a(dz)i
31	kapha	26	ok	+++|ka+?[(^0)(*0)(&0)∅]?+?(ph)+?a;++|ka+?(ph)+?a
32	mbaimenya	54	ok	++++|[mn]b+?a+?i+?[mn]e[mn]y+?a;++++|[mn]b+?a+?i+?[mn]e[mn]y+?a;++++|[mn]b+?a+?i+?[mn]e[mn]y+?a
33	mbamudzudzumika	909	ok	++++|[mn]b+?a+?[mn]u+?(dz)u(dz)u[mn]ik+?a;++++|[mn]b+?a+?[mn]u+?(dz)u(dz)u[mn]ik+?a;++++|[mn]b+?a+?[mn]u+?(dz)u(dz)u[mn]ik+?a;++++|[mn]b+?a+?[mn]u+?(dz)u(dz)u[mn]ik+?a;++++|[mn]b+?a+?[mn]u+?(dz)u(dz)u[mn]ik+?a;++++|[mn]b+?a+?[mn]u+?(dz)u(dz)u[mn]ik+?a;++++|[mn]ba+?[mn]+?u+?(dz)u(dz)u[mn]ik+?a;++++|[mn]ba+?[mn]+?u+?(dz)u(dz)u[mn]ik+?a;++++|[mn]ba+?[mn]+?u+?(dz)u(dz)u[mn]ik+?a;++++|[mn]ba+?[mn]+?u+?(dz)u(dz)u[mn]ik+?a;++++|[mn]ba+?[mn]u+?[(^0)(*0)(&0)∅]?+?(dz)u(dz)u[mn]ik+?a;++++|[mn]ba+?[mn]u+?[(^0)(*0)(&0)∅]?+?(dz)u(dz)u[mn]ik+?a;+++|[mn]ba+?[mn]u+?(dz)u(dz)u[mn]ik+?a;+++|[mn]ba+?[mn]u+?(dz)u(dz)u[mn]ik+?a
34	kuntunda	28	ok	++|ku+?[mn]+?tu[mn]da;++|ku+?[mn]+?tu[mn]da;++|ku+?[mn]+?tu[mn]da;++|ku+?[mn]+?tu[mn]da
35	mbikhonda	29	ok	++++|[mn]b+?i+?[(^0)(*0)(&0)∅]?+?(kh)o[mn]d+?a;++++|[mn]b+?i+?[(^0)(*0)(&0)∅]?+?(kh)o[mn]d+?a;+++|[mn]b+?i+?(kh)o[mn]d+?a;+++|[mn]b+?i+?(kh)o[mn]d+?a
36	wanga	10	ok	++|w+?a+?[mn]ga;++|w+?a+?[mn]ga
37	ndikucitireni	1244	ok	+++++|[mn]di+?ku+?cit+?ir+?e+?[mn]i;+++++|[mn]di+?ku+?cit+?ir+?e+?[mn]i;+++++|[mn]di+?ku+?cit+?ir+?e+?[mn]i
38	cilemedzo	884	ok	+++|ci+?[(^0)(*0)(&0)∅]?+?le[mn]e(dz)+?o;+++|ci+?[(^0)(*0)(&0)∅]?+?le[mn]e(dz)+?o;++|ci+?le[mn]e(dz)+?o
39	kaoneka	561	ok	++++|ka+?[(^0)(*0)(&0)∅]?+?o[mn]+?ek+?a;+++|ka+?o[mn]+?ek+?a
40	cikhadacita	30	ok	-
41	mang'anja	35	ok	-
42	kuphatana	218	ok	++++|ku+?[(^0)(*0)(&0)∅]?+?(ph)at+?a[mn]+?a;+++|ku+?(ph)at+?a[mn]+?a
43	mathupi	44	ok	++|[mn]a+?[(^0)(*0)(&0)∅]?+?(th)upi;++|[mn]a+?[(^0)(*0)(&0)∅]?+?(th)upi;++|[mn]a+?[(^0)(*0)(&0)∅]?+?(th)upi;+|[mn]a+?(th)upi
44	khu	1	ok	-
45	anyakucena	415	ok	-
46	aoneratu	22	ok	+++++|a+?[(^0)(*0)(&0)∅]?+?o[mn]+?er+?a+?tu;++++|a+?o[mn]+?er+?a+?tu
47	mabongwe	29	ok	++|[mn]a+?[(^0)(*0)(&0)∅]?+?bo[mn]gwe;++|[mn]a+?[(^0)(*0)(&0)∅]?+?bo[mn]gwe;++|[mn]a+?[(^0)(*0)(&0)∅]?+?bo[mn]gwe;+|[mn]a+?bo[mn]gwe
48	ndisakupanga	62	ok	++++|[mn]di+?sa+?ku+?pa[mn]g+?a;++++|[mn]di+?sa+?ku+?pa[mn]g+?a;++++|[mn]di+?sa+?ku+?pa[mn]g+?a
49	acita	14	ok	+++|a+?[(^0)(*0)(&0)∅]?+?cit+?a;++|a+?cit+?a
50	aikhe	5	ok	++|a+?i(kh)+?e;++|a+?i(kh)+?e;++|a+?i(kh)+?e
51	anyakuidiwa	8744	TIMEOUT	-
52	akukhulupirika	1021	ok	++++|a+?ku+?(kh)ulupir+?ik+?a;++++|a+?ku+?(kh)ulupir+?ik+?a;++++|a+?ku+?(kh)ulupir+?ik+?a
53	pidan'gumanawo	0	SKIPPED	-
54	asacitambo	482	ok	+++++|a+?sa+?[(^0)(*0)(&0)∅]?+?cit+?a+?[mn]bo;+++++|a+?sa+?[(^0)(*0)(&0)∅]?+?cit+?a+?[mn]bo;+++++|a+?sa+?[(^0)(*0)(&0)∅]?+?cit+?a+?[mn]bo;++++|a+?sa+?cit+?a+?[mn]bo;++++|a+?sa+?cit+?a+?[mn]bo;++++|a+?sa+?cit+?a+?[mn]bo
55	matsuphu	5	ok	++|[mn]a+?[(^0)(*0)(&0)∅]?+?(ts)u(ph)u;++|[mn]a+?[(^0)(*0)(&0)∅]?+?(ts)u(ph)u;++|[mn]a+?[(^0)(*0)(&0)∅]?+?(ts)u(ph)u;+|[mn]a+?(ts)u(ph)u
56	aebereu	6	ok	-
57	kazi	56	ok	+|[(^0)(*0)(&0)∅]?+?kazi;+|[(^0)(*0)(&0)∅]?+?kazi;+|[(^0)(*0)(&0)∅]?+?kazi;+|[(^0)(*0)(&0)∅]?+?kazi;+|[(^0)(*0)(&0)∅]?+?kazi
58	khumi	31	ok	+|[(^0)(*0)(&0)∅]?+?(kh)u[mn]i;+|[(^0)(*0)(&0)∅]?+?(kh)u[mn]i;|(kh)u[mn]i
59	pironda	19	ok	++|pi+?[(^0)(*0)(&0)∅]?+?ro[mn]da;++|pi+?[(^0)(*0)(&0)∅]?+?ro[mn]da;+|pi+?ro[mn]da
60	tichululireni	907	ok	-
61	mwanditambira	6113	TIMEOUT	-
62	pulumuk	104	ok	-
63	nsanza	15	ok	+|[mn]+?sa[mn]za;+|[mn]+?sa[mn]za;+|[mn]+?sa[mn]za
64	mwadidi	205	ok	+|[mn]w+?adidi;+|[mn]w+?adidi;+|[mn]w+?adidi
65	aacenjedza	182	ok	++++|a+?a+?[(^0)(*0)(&0)∅]?+?ce[mn]je(dz)+?a;++++|a+?a+?[(^0)(*0)(&0)∅]?+?ce[mn]je(dz)+?a;++++|a+?a+?[(^0)(*0)(&0)∅]?+?ce[mn]je(dz)+?a;+++|a+?a+?ce[mn]je(dz)+?a;+++|a+?a+?ce[mn]je(dz)+?a;+++|a+?a+?ce[mn]je(dz)+?a;+++|a+?a+?ce[mn]je(dz)+?a;+++|a+?a+?ce[mn]je(dz)+?a
66	anfuna	37	ok	+++|a+?[mn]+?fu[mn]+?a;+++|a+?[mn]+?fu[mn]+?a
67	zinati	72	ok	++|zi+?[mn]a+?ti
68	tayiwa	147	ok	-
69	kacikairi	5759	TIMEOUT	-
70	amebzala	35	ok	+|a+?[mn]e(bz)ala
71	idasiya	16	ok	++++|i+?da+?[(^0)(*0)(&0)∅]?+?siy+?a;++++|i+?da+?[(^0)(*0)(&0)∅]?+?siy+?a;+++|i+?da+?siy+?a;+++|i+?da+?siy+?a
72	musaabera	1319	ok	+++++|[mn]u+?sa+?a+?b+?er+?a;+++++|[mn]u+?sa+?a+?b+?er+?a;+++++|[mn]u+?sa+?a+?b+?er+?a;+++++|[mn]u+?sa+?a+?b+?er+?a;++++|[mn]u+?sa+?a+?ber+?a;++++|[mn]u+?sa+?a+?ber+?a;++++|[mn]u+?sa+?a+?ber+?a;++++|[mn]u+?sa+?a+?ber+?a
73	anatambira	2534	ok	+++++|a+?[mn]a+?[(^0)(*0)(&0)∅]?+?ta[mn]b+?ir+?a;+++++|a+?[mn]a+?[(^0)(*0)(&0)∅]?+?ta[mn]b+?ir+?a;+++++|a+?[mn]a+?[(^0)(*0)(&0)∅]?+?ta[mn]b+?ir+?a;++++|a+?[mn]a+?[(^0)(*0)(&0)∅]?+?ta[mn]bir+?a;++++|a+?[mn]a+?[(^0)(*0)(&0)∅]?+?ta[mn]bir+?a;++++|a+?[mn]a+?[(^0)(*0)(&0)∅]?+?ta[mn]bir+?a;++++|a+?[mn]a+?ta[mn]b+?ir+?a;++++|a+?[mn]a+?ta[mn]b+?ir+?a;++++|a+?[mn]a+?ta[mn]b+?ir+?a;+++|a+?[mn]a+?ta[mn]bir+?a;+++|a+?[mn]a+?ta[mn]bir+?a;+++|a+?[mn]a+?ta[mn]bir+?a
74	makumaxanu	15	ok	-
75	adafuntu	12	ok	+|a+?dafu[mn]tu
76	pagumanika	1947	ok	+++++|p+?a+?[(^0)(*0)(&0)∅]?+?gu[mn]a[mn]+?ik+?a;++++|p+?a+?[(^0)(*0)(&0)∅]?+?gu[mn]a[mn]ik+?a;++++|p+?a+?gu[mn]a[mn]+?ik+?a;+++|p+?a+?gu[mn]a[mn]ik+?a
77	maputu	6	ok	++|[mn]a+?[(^0)(*0)(&0)∅]?+?putu;++|[mn]a+?[(^0)(*0)(&0)∅]?+?putu;++|[mn]a+?[(^0)(*0)(&0)∅]?+?putu;+|[mn]a+?putu
78	mbakhandya	95	ok	+++++|[mn]b+?a+?(kh)a+?[mn]+?dy+?a;+++++|[mn]b+?a+?(kh)a+?[mn]+?dy+?a;+++++|[mn]b+?a+?(kh)a+?[mn]+?dy+?a;+++++|[mn]b+?a+?(kh)a+?[mn]+?dy+?a;+++++|[mn]b+?a+?(kh)a+?[mn]+?dy+?a;+++++|[mn]b+?a+?(kh)a+?[mn]+?dy+?a
79	belizibu	2	ok	-
80	ibdzi	51	ok	-
81	mangwana	1358	ok	+++++|[mn]+?a+?[mn]+?gw+?a[mn]+?a;+++++|[mn]+?a+?[mn]+?gw+?a[mn]+?a;|[mn]a[mn]gwa[mn]a
82	masakhu	12	ok	++|[mn]a+?[(^0)(*0)(&0)∅]?+?sa(kh)u;++|[mn]a+?[(^0)(*0)(&0)∅]?+?sa(kh)u;++|[mn]a+?[(^0)(*0)(&0)∅]?+?sa(kh)u;+|[mn]a+?sa(kh)u
83	citika	96	ok	++|ci+?[(^0)(*0)(&0)∅]?+?tika;++|ci+?[(^0)(*0)(&0)∅]?+?tika;++|ci+?[(^0)(*0)(&0)∅]?+?tika
84	wacitatu	15	ok	+++++|w+?a+?[(^0)(*0)(&0)∅]?+?cit+?a+?tu;++++|w+?a+?cit+?a+?tu;++++|wa+?[(^0)(*0)(&0)∅]?+?cit+?a+?tu;+++|wa+?cit+?a+?tu
85	ndinakupasa	97	ok	++++|[mn]di+?[mn]a+?ku+?pas+?a;++++|[mn]di+?[mn]a+?ku+?pas+?a;++++|[mn]di+?[mn]a+?ku+?pas+?a
86	nzawo	255	ok	+|[(^0)(*0)(&0)∅]?+?[mn]zawo;+|[(^0)(*0)(&0)∅]?+?[mn]zawo;+|[(^0)(*0)(&0)∅]?+?[mn]zawo
87	amulukule	184	ok	-
88	asabvesera	1129	ok	++++++|a+?sa+?[(^0)(*0)(&0)∅]?+?(bv)+?es+?er+?a;++++++|a+?sa+?[(^0)(*0)(&0)∅]?+?(bv)+?es+?er+?a;++++++|a+?sa+?[(^0)(*0)(&0)∅]?+?(bv)+?es+?er+?a;+++++|a+?sa+?(bv)+?es+?er+?a;+++++|a+?sa+?(bv)+?es+?er+?a;+++++|a+?sa+?(bv)+?es+?er+?a;+++++|a+?sa+?[(^0)(*0)(&0)∅]?+?(bv)es+?er+?a;+++++|a+?sa+?[(^0)(*0)(&0)∅]?+?(bv)es+?er+?a;+++++|a+?sa+?[(^0)(*0)(&0)∅]?+?(bv)es+?er+?a;++++|a+?sa+?(bv)es+?er+?a;++++|a+?sa+?(bv)es+?er+?a;++++|a+?sa+?(bv)es+?er+?a
89	supada	6	ok	+|[(^0)(*0)(&0)∅]?+?supada;+|[(^0)(*0)(&0)∅]?+?supada;+|[(^0)(*0)(&0)∅]?+?supada
90	musapwaza	85	ok	++++|[mn]u+?sa+?[(^0)(*0)(&0)∅]?+?pwaz+?a;++++|[mn]u+?sa+?[(^0)(*0)(&0)∅]?+?pwaz+?a;+++|[mn]u+?sa+?pwaz+?a;+++|[mn]u+?sa+?pwaz+?a
91	padakhonda	34	ok	+++++|p+?a+?da+?[(^0)(*0)(&0)∅]?+?(kh)o[mn]d+?a;++++|p+?a+?da+?(kh)o[mn]d+?a;++++|pa+?da+?[(^0)(*0)(&0)∅]?+?(kh)o[mn]d+?a;++++|pa+?da+?[(^0)(*0)(&0)∅]?+?(kh)o[mn]d+?a;+++|pa+?da+?(kh)o[mn]d+?a;+++|pa+?da+?(kh)o[mn]d+?a
92	ikulu	3	ok	+|i+?kulu
93	akhazuwika	379	ok	-
94	ikhagumanika	1047	ok	+++++|i+?(kh)a+?[(^0)(*0)(&0)∅]?+?gu[mn]a[mn]+?ik+?a;++++|i+?(kh)a+?[(^0)(*0)(&0)∅]?+?gu[mn]a[mn]ik+?a;++++|i+?(kh)a+?gu[mn]a[mn]+?ik+?a;+++|i+?(kh)a+?gu[mn]a[mn]ik+?a
95	panayikha	58	ok	++++|pa+?[mn]a+?y+?i(kh)+?a
96	kumadokero	5900	ok	++++|ku+?[mn]a+?dok+?er+?o
97	ndabvala	30	ok	++++|[mn]+?da+?[(^0)(*0)(&0)∅]?+?(bv)al+?a;++++|[mn]+?da+?[(^0)(*0)(&0)∅]?+?(bv)al+?a;++++|[mn]+?da+?[(^0)(*0)(&0)∅]?+?(bv)al+?a;++++|[mn]+?da+?[(^0)(*0)(&0)∅]?+?(bv)al+?a;++++|[mn]d+?a+?[(^0)(*0)(&0)∅]?+?(bv)al+?a;+++|[mn]+?da+?(bv)al+?a;+++|[mn]+?da+?(bv)al+?a;+++|[mn]+?da+?(bv)al+?a;+++|[mn]+?da+?(bv)al+?a;+++|[mn]d+?a+?(bv)al+?a
98	pikhadka	16	ok	-
99	zingasi	144	ok	+++|z+?i[mn]+?gas+?i;+++|z+?i[mn]+?gas+?i;+++|zi+?[mn]+?gas+?i;+++|zi+?[mn]+?gas+?i;+++|zi+?[mn]+?gas+?i;+++|zi+?[mn]+?gas+?i;+++|zi+?[mn]+?gas+?i
100	yathu	2	ok	++|y+?a+?(th)u
101	kugumanya	38	ok	+++|ku+?[(^0)(*0)(&0)∅]?+?gu[mn]a[mn]y+?a;++|ku+?gu[mn]a[mn]y+?a
102	note	3	ok	-
103	ndiwedi	123	ok	++|[mn]d+?iwe+?di;++|[mn]d+?iwe+?di;++|[mn]d+?iwe+?di;++|[mn]d+?iwe+?di
104	uperekentsembe	53	ok	-
105	anagumanyikana	4486	ok	++++++|a+?[mn]a+?[(^0)(*0)(&0)∅]?+?gu[mn]a[mn]y+?ik+?a[mn]+?a;++++++|a+?[mn]a+?[(^0)(*0)(&0)∅]?+?gu[mn]a[mn]y+?ik+?a[mn]+?a;++++++|a+?[mn]a+?[(^0)(*0)(&0)∅]?+?gu[mn]a[mn]y+?ik+?a[mn]+?a;+++++|a+?[mn]a+?gu[mn]a[mn]y+?ik+?a[mn]+?a;+++++|a+?[mn]a+?gu[mn]a[mn]y+?ik+?a[mn]+?a;+++++|a+?[mn]a+?gu[mn]a[mn]y+?ik+?a[mn]+?a
106	anakwangisani	5338	TIMEOUT	-
107	tifungulerinimbo	723	ok	-
108	manyerezero	996	ok	+++|[mn]a+?[(^0)(*0)(&0)∅]?+?[mn]yerezer+?o;+++|[mn]a+?[(^0)(*0)(&0)∅]?+?[mn]yerezer+?o;++|[mn]a+?[(^0)(*0)(&0)∅]?+?[mn]yerezero;++|[mn]a+?[(^0)(*0)(&0)∅]?+?[mn]yerezero;++|[mn]a+?[mn]yerezer+?o;+|[mn]a+?[mn]yerezero
109	mang	4	ok	-
110	aantawira	818	ok	++++|a+?a+?[mn]+?tawir+?a;++++|a+?a+?[mn]+?tawir+?a;++++|a+?a+?[mn]+?tawir+?a;++++|a+?a+?[mn]+?tawir+?a;++++|a+?a+?[mn]+?tawir+?a;++++|a+?a+?[mn]+?tawir+?a
111	aufuza	23	ok	+++|a+?u+?fuz+?a;+++|a+?u+?fuz+?a
112	munagumanika	5973	TIMEOUT	-
113	anakadzi	709	ok	-
114	pikhanyerezera	356	ok	++++|pi+?(kh)a+?[(^0)(*0)(&0)∅]?+?[mn]yerezer+?a;+++|pi+?(kh)a+?[mn]yerezer+?a
115	mulomowa	1291	ok	-
116	abaramu	6	ok	-
117	watani	197	ok	-
118	mbathaukira	540	ok	-
119	saka	5	ok	-
120	kariote	20	ok	-
121	kaphesa	230	ok	++++|ka+?[(^0)(*0)(&0)∅]?+?(ph)+?es+?a;+++|ka+?(ph)+?es+?a
122	anakupasani	2970	ok	+++++|a+?[mn]a+?ku+?pas+?a+?[mn]i;+++++|a+?[mn]a+?ku+?pas+?a+?[mn]i;+++++|a+?[mn]a+?ku+?pas+?a+?[mn]i;+++++|a+?[mn]a+?ku+?pas+?a+?[mn]i;+++++|a+?[mn]a+?ku+?pas+?a+?[mn]i;+++++|a+?[mn]a+?ku+?pas+?a+?[mn]i;+++++|a+?[mn]a+?ku+?pas+?a+?[mn]i;+++++|a+?[mn]a+?ku+?pas+?a+?[mn]i;+++++|a+?[mn]a+?ku+?pas+?a+?[mn]i
123	mbugawika	707	ok	+++++|[mn]b+?u+?[(^0)(*0)(&0)∅]?+?gaw+?ik+?a;+++++|[mn]b+?u+?[(^0)(*0)(&0)∅]?+?gaw+?ik+?a;+++++|[mn]b+?u+?[(^0)(*0)(&0)∅]?+?gaw+?ik+?a;++++|[mn]b+?u+?gaw+?ik+?a;++++|[mn]b+?u+?gaw+?ik+?a;++++|[mn]b+?u+?gaw+?ik+?a
124	njani	349	ok	-
125	pimbverere	39	ok	++++|pi+?[mn]+?(bv)er+?er+?e;++++|pi+?[mn]+?(bv)er+?er+?e
126	lungula	24	ok	-
127	andigweza	60	ok	-
128	ninivi	40	ok	-
129	mbadya	24	ok	++++|[mn]b+?a+?[(^0)(*0)(&0)∅]?+?dy+?a;++++|[mn]b+?a+?[(^0)(*0)(&0)∅]?+?dy+?a;++++|[mn]b+?a+?[(^0)(*0)(&0)∅]?+?dy+?a;+++|[mn]b+?a+?dy+?a;+++|[mn]b+?a+?dy+?a;+++|[mn]b+?a+?dy+?a
130	m'phya	0	SKIPPED	-
131	nyakatangale	253	ok	+|[(^0)(*0)(&0)∅]?+?[mn]yakata[mn]gale;+|[(^0)(*0)(&0)∅]?+?[mn]yakata[mn]gale;+|[(^0)(*0)(&0)∅]?+?[mn]yakata[mn]gale
132	umbwera-umbwera	0	SKIPPED	-
133	infera	149	ok	-
134	ndhuzi	26	ok	-
135	anakoya	39	ok	++++|a+?[mn]a+?[(^0)(*0)(&0)∅]?+?koy+?a;++++|a+?[mn]a+?[(^0)(*0)(&0)∅]?+?koy+?a;++++|a+?[mn]a+?[(^0)(*0)(&0)∅]?+?koy+?a;+++|a+?[mn]a+?koy+?a;+++|a+?[mn]a+?koy+?a;+++|a+?[mn]a+?koy+?a
136	zioneke	24	ok	-
137	pandzidzi	897	ok	++++|pa+?[mn]+?(dz)+?i(dz)+?i;++++|pa+?[mn]+?(dz)+?i(dz)+?i;++++|pa+?[mn]+?(dz)+?i(dz)+?i;++++|pa+?[mn]+?(dz)+?i(dz)+?i;++++|pa+?[mn]+?(dz)+?i(dz)+?i;++|pa+?[mn]+?(dz)i(dz)i;++|pa+?[mn]+?(dz)i(dz)i;++|pa+?[mn]+?(dz)i(dz)i;++|pa+?[mn]+?(dz)i(dz)i;++|pa+?[mn]+?(dz)i(dz)i;++|pa+?[mn]+?(dz)i(dz)i;++|pa+?[mn]+?(dz)i(dz)i
138	asadwala	27	ok	++++|a+?sa+?[(^0)(*0)(&0)∅]?+?dwal+?a;++++|a+?sa+?[(^0)(*0)(&0)∅]?+?dwal+?a;++++|a+?sa+?[(^0)(*0)(&0)∅]?+?dwal+?a;+++|a+?sa+?dwal+?a;+++|a+?sa+?dwal+?a;+++|a+?sa+?dwal+?a
139	uiriwawo	1094	ok	-
140	zace	3	ok	++|z+?a+?ce
141	tambir	86	ok	-
142	pyace	4	ok	++|py+?a+?ce
143	asakwanisa	2345	ok	++++++|a+?[(^0)(*0)(&0)∅]?+?sak+?w+?a[mn]+?is+?a;+++++|a+?sa+?[(^0)(*0)(&0)∅]?+?kwa[mn]+?is+?a;+++++|a+?sa+?[(^0)(*0)(&0)∅]?+?kwa[mn]+?is+?a;+++++|a+?sa+?[(^0)(*0)(&0)∅]?+?kwa[mn]+?is+?a;+++++|a+?sak+?w+?a[mn]+?is+?a;++++|a+?sa+?[(^0)(*0)(&0)∅]?+?kwa[mn]is+?a;++++|a+?sa+?[(^0)(*0)(&0)∅]?+?kwa[mn]is+?a;++++|a+?sa+?[(^0)(*0)(&0)∅]?+?kwa[mn]is+?a;++++|a+?sa+?kwa[mn]+?is+?a;++++|a+?sa+?kwa[mn]+?is+?a;++++|a+?sa+?kwa[mn]+?is+?a;+++|a+?sa+?kwa[mn]is+?a;+++|a+?sa+?kwa[mn]is+?a;+++|a+?sa+?kwa[mn]is+?a
144	kulekererwa	737	ok	-
145	ang'onong'ono	285	ok	-
146	n'tima	0	SKIPPED	-
147	yatoma	37	ok	++++|y+?a+?[(^0)(*0)(&0)∅]?+?to[mn]+?a;++++|y+?a+?t+?o[mn]+?a;+++|y+?a+?to[mn]+?a
148	zisakhala	36	ok	++++|zi+?sa+?[(^0)(*0)(&0)∅]?+?(kh)al+?a;+++|zi+?sa+?(kh)al+?a
149	kanyindirwa	4721	ok	++++|ka+?[(^0)(*0)(&0)∅]?+?[mn]yi[mn]dir+?w+?a;+++|ka+?[mn]yi[mn]dir+?w+?a
150	kucenembo	241	ok	++++|ku+?[(^0)(*0)(&0)∅]?+?ce[mn]+?e+?[mn]bo;++++|ku+?[(^0)(*0)(&0)∅]?+?ce[mn]+?e+?[mn]bo;+++|ku+?ce[mn]+?e+?[mn]bo;+++|ku+?ce[mn]+?e+?[mn]bo
151	nkodzi	289	ok	-
152	ndiizi	96	ok	-
153	maiwace	8	ok	-
154	ubodzi	363	ok	+|[(^0)(*0)(&0)∅]?+?ubo(dz)i;+|[(^0)(*0)(&0)∅]?+?ubo(dz)i
155	akhathasika	147	ok	++++|a+?(kh)a+?[(^0)(*0)(&0)∅]?+?(th)asik+?a;++++|a+?(kh)a+?[(^0)(*0)(&0)∅]?+?(th)asik+?a;++++|a+?(kh)a+?[(^0)(*0)(&0)∅]?+?(th)asik+?a;+++|a+?(kh)a+?(th)asik+?a;+++|a+?(kh)a+?(th)asik+?a;+++|a+?(kh)a+?(th)asik+?a
156	mbasaka	26	ok	++++|[mn]b+?a+?[(^0)(*0)(&0)∅]?+?sak+?a;++++|[mn]b+?a+?[(^0)(*0)(&0)∅]?+?sak+?a;++++|[mn]b+?a+?[(^0)(*0)(&0)∅]?+?sak+?a;+++|[mn]b+?a+?sak+?a;+++|[mn]b+?a+?sak+?a;+++|[mn]b+?a+?sak+?a
157	onesa	45	ok	-
158	pisakwanisika	9844	TIMEOUT	-
159	kalonga	40	ok	-
160	nsuo	20	ok	-
161	kamero	649	ok	++++|ka+?[(^0)(*0)(&0)∅]?+?[mn]+?er+?o;++++|ka+?[(^0)(*0)(&0)∅]?+?[mn]+?er+?o;+++|ka+?[(^0)(*0)(&0)∅]?+?[mn]er+?o;+++|ka+?[(^0)(*0)(&0)∅]?+?[mn]er+?o;+++|ka+?[mn]+?er+?o;++|ka+?[mn]er+?o
162	mathangwi	921	ok	++|[mn]a+?[(^0)(*0)(&0)∅]?+?(th)a[mn]gwi;++|[mn]a+?[(^0)(*0)(&0)∅]?+?(th)a[mn]gwi;++|[mn]a+?[(^0)(*0)(&0)∅]?+?(th)a[mn]gwi;+|[mn]a+?(th)a[mn]gwi
163	kutowera	534	ok	+++|ku+?[(^0)(*0)(&0)∅]?+?tower+?a;++|ku+?tower+?a
164	kapasana	812	ok	++++|ka+?[(^0)(*0)(&0)∅]?+?pas+?a[mn]+?a;+++|ka+?pas+?a[mn]+?a;++|ka+?pa+?sa[mn]a;++|ka+?pa+?sa[mn]a
165	ndinakutumira	1185	ok	+++++|[mn]di+?[mn]a+?ku+?tu[mn]+?ir+?a;+++++|[mn]di+?[mn]a+?ku+?tu[mn]+?ir+?a;+++++|[mn]di+?[mn]a+?ku+?tu[mn]+?ir+?a;+++++|[mn]di+?[mn]a+?ku+?tu[mn]+?ir+?a;+++++|[mn]di+?[mn]a+?ku+?tu[mn]+?ir+?a;+++++|[mn]di+?[mn]a+?ku+?tu[mn]+?ir+?a
166	pinaphezeranji	247	ok	-
167	mbazinumphira	1221	ok	+++++|[mn]b+?a+?zi+?[mn]u[mn](ph)+?ir+?a;+++++|[mn]b+?a+?zi+?[mn]u[mn](ph)+?ir+?a;+++++|[mn]b+?a+?zi+?[mn]u[mn](ph)+?ir+?a;+++++|[mn]ba+?z+?i+?[mn]u[mn](ph)+?ir+?a;+++++|[mn]ba+?zi+?[(^0)(*0)(&0)∅]?+?[mn]u[mn](ph)+?ir+?a;++++|[mn]ba+?zi+?[mn]u[mn](ph)+?ir+?a
168	papi	19	ok	|papi
169	anyabasa	35	ok	+|a+?[mn]yabasa
170	udachita	28	ok	++++|u+?da+?[(^0)(*0)(&0)∅]?+?(ch)it+?a;++++|u+?da+?[(^0)(*0)(&0)∅]?+?(ch)it+?a;++++|u+?da+?[(^0)(*0)(&0)∅]?+?(ch)it+?a;++++|u+?da+?[(^0)(*0)(&0)∅]?+?(ch)it+?a;++++|u+?da+?[(^0)(*0)(&0)∅]?+?(ch)it+?a;++++|u+?da+?[(^0)(*0)(&0)∅]?+?(ch)it+?a;+++|u+?da+?(ch)it+?a;+++|u+?da+?(ch)it+?a;+++|u+?da+?(ch)it+?a;+++|u+?da+?(ch)it+?a;+++|u+?da+?(ch)it+?a;+++|u+?da+?(ch)it+?a
171	nyankhondo	481	ok	-
172	akhapidziwa	2805	ok	+++++|a+?(kh)a+?pi+?(dz)+?iw+?a;+++++|a+?(kh)a+?pi+?(dz)+?iw+?a;+++++|a+?(kh)a+?pi+?(dz)+?iw+?a;++++|a+?(kh)a+?pi+?(dz)iw+?a;++++|a+?(kh)a+?pi+?(dz)iw+?a;++++|a+?(kh)a+?pi+?(dz)iw+?a
173	pakumalapenepo	268	ok	-
174	pingasi	138	ok	+++|pi+?[mn]+?gas+?i;+++|pi+?[mn]+?gas+?i;+++|pi+?[mn]+?gas+?i;+++|pi+?[mn]+?gas+?i;+++|pi+?[mn]+?gas+?i
175	cipala	19	ok	++|ci+?p+?ala;++|ci+?p+?ala
176	ndibverenimbo	750	ok	-
177	yawangiratu	28	ok	++++++|y+?a+?[(^0)(*0)(&0)∅]?+?wa[mn]g+?ir+?a+?tu;+++++|y+?a+?wa[mn]g+?ir+?a+?tu
178	tenepa	8	ok	|te[mn]epa
179	ndisacita	51	ok	++++|[mn]di+?sa+?[(^0)(*0)(&0)∅]?+?cit+?a;+++|[mn]di+?sa+?cit+?a
180	mbabzala	29	ok	++++|[mn]b+?a+?[(^0)(*0)(&0)∅]?+?(bz)al+?a;++++|[mn]b+?a+?[(^0)(*0)(&0)∅]?+?(bz)al+?a;++++|[mn]b+?a+?[(^0)(*0)(&0)∅]?+?(bz)al+?a;+++|[mn]b+?a+?(bz)al+?a;+++|[mn]b+?a+?(bz)al+?a;+++|[mn]b+?a+?(bz)al+?a
181	nsua	9	ok	+|[(^0)(*0)(&0)∅]?+?[mn]sua;+|[(^0)(*0)(&0)∅]?+?[mn]sua;+|[(^0)(*0)(&0)∅]?+?[mn]sua;+|[(^0)(*0)(&0)∅]?+?[mn]sua
182	mbirimi	211	ok	+|[(^0)(*0)(&0)∅]?+?[mn]biri[mn]i;+|[(^0)(*0)(&0)∅]?+?[mn]biri[mn]i
183	mwandiona	166	ok	+++++|[mn]w+?a+?[(^0)(*0)(&0)∅]?+?[mn]di+?o[mn]+?a;+++++|[mn]w+?a+?[(^0)(*0)(&0)∅]?+?[mn]di+?o[mn]+?a;+++++|[mn]w+?a+?[(^0)(*0)(&0)∅]?+?[mn]di+?o[mn]+?a;+++++|[mn]w+?a+?[(^0)(*0)(&0)∅]?+?[mn]di+?o[mn]+?a;+++++|[mn]w+?a+?[(^0)(*0)(&0)∅]?+?[mn]di+?o[mn]+?a;+++++|[mn]w+?a+?[(^0)(*0)(&0)∅]?+?[mn]di+?o[mn]+?a;++++|[mn]w+?a+?[mn]di+?o[mn]+?a;++++|[mn]w+?a+?[mn]di+?o[mn]+?a;++++|[mn]w+?a+?[mn]di+?o[mn]+?a;++++|[mn]w+?a+?[mn]di+?o[mn]+?a;++++|[mn]w+?a+?[mn]di+?o[mn]+?a;++++|[mn]w+?a+?[mn]di+?o[mn]+?a
184	asirisbza	18	ok	-
185	asupai	92	ok	+|a+?supai
186	anbva	19	ok	+++|a+?[mn]+?(bv)+?a;+++|a+?[mn]+?(bv)+?a
187	used	3	ok	-
188	kaphatana	368	ok	++++|ka+?[(^0)(*0)(&0)∅]?+?(ph)at+?a[mn]+?a;+++|ka+?(ph)at+?a[mn]+?a
189	kudawa	107	ok	+++|ku+?[(^0)(*0)(&0)∅]?+?daw+?a;++|ku+?[(^0)(*0)(&0)∅]?+?dawa;++|ku+?[(^0)(*0)(&0)∅]?+?dawa;++|ku+?daw+?a;+|ku+?dawa;+|ku+?dawa
190	kasasanhika	335	ok	-
191	ananbvesatany	10	ok	-
192	iyo	9	ok	|iyo
193	isaya	9	ok	-
194	masiku	7	ok	++|[mn]a+?[(^0)(*0)(&0)∅]?+?siku;++|[mn]a+?[(^0)(*0)(&0)∅]?+?siku;+|[mn]a+?siku
195	agumanye	38	ok	+++|a+?[(^0)(*0)(&0)∅]?+?gu[mn]a[mn]y+?e;+++|a+?[(^0)(*0)(&0)∅]?+?gu[mn]a[mn]y+?e;+++|a+?[(^0)(*0)(&0)∅]?+?gu[mn]a[mn]y+?e;++|a+?gu[mn]a[mn]y+?e;++|a+?gu[mn]a[mn]y+?e;++|a+?gu[mn]a[mn]y+?e
196	bvuni	26	ok	++|[(^0)(*0)(&0)∅]?+?(bv)u[mn]+?i;++|[(^0)(*0)(&0)∅]?+?(bv)u[mn]+?i;++|[(^0)(*0)(&0)∅]?+?(bv)u[mn]+?i;++|[(^0)(*0)(&0)∅]?+?(bv)u[mn]+?i;+|[(^0)(*0)(&0)∅]?+?(bv)u[mn]i;+|[(^0)(*0)(&0)∅]?+?(bv)u[mn]i;+|[(^0)(*0)(&0)∅]?+?(bv)u[mn]i
197	akhantowera	843	ok	++++|a+?(kh)a+?[mn]+?tower+?a;++++|a+?(kh)a+?[mn]+?tower+?a;++++|a+?(kh)a+?[mn]+?tower+?a;++++|a+?(kh)a+?[mn]+?tower+?a;++++|a+?(kh)a+?[mn]+?tower+?a;++++|a+?(kh)a+?[mn]+?tower+?a
198	kugwandirwa	1043	ok	+++++|ku+?[(^0)(*0)(&0)∅]?+?gwa[mn]d+?ir+?w+?a;++++|ku+?gwa[mn]d+?ir+?w+?a
199	timeu	7	ok	-
200	kaphembera	803	ok	++++|ka+?[(^0)(*0)(&0)∅]?+?(ph)e[mn]b+?er+?a;+++|ka+?(ph)e[mn]b+?er+?a;+++|ka+?[(^0)(*0)(&0)∅]?+?(ph)e[mn]ber+?a;++|ka+?(ph)e[mn]ber+?a
201	mungabva	58	ok	++++|[mn]u+?[mn]ga+?[(^0)(*0)(&0)∅]?+?(bv)+?a;++++|[mn]u+?[mn]ga+?[(^0)(*0)(&0)∅]?+?(bv)+?a;+++|[mn]u+?[mn]ga+?(bv)+?a;+++|[mn]u+?[mn]ga+?(bv)+?a
202	pidzindikiro	2025	ok	+++|pi+?[(^0)(*0)(&0)∅]?+?(dz)i[mn]dikir+?o;+++|pi+?[(^0)(*0)(&0)∅]?+?(dz)i[mn]dikir+?o;++|pi+?(dz)i[mn]dikir+?o;++|pi+?[(^0)(*0)(&0)∅]?+?(dz)i[mn]dikiro;++|pi+?[(^0)(*0)(&0)∅]?+?(dz)i[mn]dikiro;+|pi+?(dz)i[mn]dikiro
203	njipi	156	ok	|[mn]jipi
204	nkamwa	732	ok	+|[mn]+?ka[mn]wa;+|[mn]+?ka[mn]wa;+|[mn]+?ka[mn]wa;+|[mn]+?ka[mn]wa;+|[mn]+?ka[mn]wa;+|[mn]+?ka[mn]wa
205	anabwa	613	ok	+++++|a+?[mn]a+?[(^0)(*0)(&0)∅]?+?b+?w+?a;+++++|a+?[mn]a+?[(^0)(*0)(&0)∅]?+?b+?w+?a;+++++|a+?[mn]a+?[(^0)(*0)(&0)∅]?+?b+?w+?a;++++|a+?[mn]a+?b+?w+?a;++++|a+?[mn]a+?b+?w+?a;++++|a+?[mn]a+?b+?w+?a
206	mbikhala	26	ok	++++|[mn]b+?i+?[(^0)(*0)(&0)∅]?+?(kh)al+?a;++++|[mn]b+?i+?[(^0)(*0)(&0)∅]?+?(kh)al+?a;+++|[mn]b+?i+?(kh)al+?a;+++|[mn]b+?i+?(kh)al+?a
207	english	2	ok	-
208	ndinadza	53	ok	++++|[mn]di+?[mn]a+?[(^0)(*0)(&0)∅]?+?(dz)+?a;+++|[mn]di+?[mn]a+?(dz)+?a
209	akumbukirwe	274	ok	++++++|a+?[(^0)(*0)(&0)∅]?+?ku[mn]b+?uk+?ir+?w+?e;++++++|a+?[(^0)(*0)(&0)∅]?+?ku[mn]b+?uk+?ir+?w+?e;++++++|a+?[(^0)(*0)(&0)∅]?+?ku[mn]b+?uk+?ir+?w+?e;+++++|a+?[(^0)(*0)(&0)∅]?+?ku[mn]buk+?ir+?w+?e;+++++|a+?[(^0)(*0)(&0)∅]?+?ku[mn]buk+?ir+?w+?e;+++++|a+?[(^0)(*0)(&0)∅]?+?ku[mn]buk+?ir+?w+?e;+++++|a+?ku[mn]b+?uk+?ir+?w+?e;+++++|a+?ku[mn]b+?uk+?ir+?w+?e;+++++|a+?ku[mn]b+?uk+?ir+?w+?e;++++|a+?ku[mn]buk+?ir+?w+?e;++++|a+?ku[mn]buk+?ir+?w+?e;++++|a+?ku[mn]buk+?ir+?w+?e
210	wangisira	280	ok	-
211	munalonga	95	ok	-
212	mukhacitira	907	ok	+++++|[mn]u+?(kh)a+?[(^0)(*0)(&0)∅]?+?cit+?ir+?a;+++++|[mn]u+?(kh)a+?[(^0)(*0)(&0)∅]?+?cit+?ir+?a;++++|[mn]u+?(kh)a+?cit+?ir+?a;++++|[mn]u+?(kh)a+?cit+?ir+?a
213	dzoya	5	ok	+|[(^0)(*0)(&0)∅]?+?(dz)oya;+|[(^0)(*0)(&0)∅]?+?(dz)oya
214	mbangudumirisa	2114	ok	-
215	ya	2	ok	+|y+?a
216	adyesa	100	ok	++++|a+?[(^0)(*0)(&0)∅]?+?dy+?es+?a;+++|a+?dy+?es+?a
217	kundiphemba	113	ok	++++|ku+?[(^0)(*0)(&0)∅]?+?[mn]di+?(ph)e[mn]b+?a;++++|ku+?[(^0)(*0)(&0)∅]?+?[mn]di+?(ph)e[mn]b+?a;+++|ku+?[mn]di+?(ph)e[mn]b+?a;+++|ku+?[mn]di+?(ph)e[mn]b+?a;+++|ku+?[mn]di+?(ph)e[mn]b+?a
218	kutisiya	48	ok	++++|ku+?[(^0)(*0)(&0)∅]?+?ti+?siy+?a;+++|ku+?ti+?siy+?a;+++|ku+?ti+?siy+?a
219	cigamba	15	ok	-
220	kunyengerera	418	ok	+++|ku+?[(^0)(*0)(&0)∅]?+?[mn]ye[mn]gerer+?a;++|ku+?[mn]ye[mn]gerer+?a
221	ndinati	139	ok	-
222	tora	5	ok	-
223	anapicepeseka	6413	TIMEOUT	-
224	mbamuikha	73	ok	++++|[mn]b+?a+?[(^0)(*0)(&0)∅]?+?[mn]ui(kh)+?a;++++|[mn]b+?a+?[(^0)(*0)(&0)∅]?+?[mn]ui(kh)+?a;++++|[mn]b+?a+?[(^0)(*0)(&0)∅]?+?[mn]ui(kh)+?a;++++|[mn]b+?a+?[mn]u+?i(kh)+?a;++++|[mn]b+?a+?[mn]u+?i(kh)+?a;++++|[mn]b+?a+?[mn]u+?i(kh)+?a;++++|[mn]ba+?[mn]+?u+?i(kh)+?a;++++|[mn]ba+?[mn]+?u+?i(kh)+?a;+++|[mn]b+?a+?[mn]ui(kh)+?a;+++|[mn]b+?a+?[mn]ui(kh)+?a;+++|[mn]b+?a+?[mn]ui(kh)+?a;+++|[mn]ba+?[mn]u+?i(kh)+?a
225	adasangula	200	ok	-
226	yamala	12	ok	++++|y+?a+?[(^0)(*0)(&0)∅]?+?[mn]al+?a;+++|y+?a+?[mn]al+?a
227	mafuta	29	ok	++|[mn]a+?[(^0)(*0)(&0)∅]?+?futa;++|[mn]a+?[(^0)(*0)(&0)∅]?+?futa;++|[mn]a+?[(^0)(*0)(&0)∅]?+?futa;+|[mn]a+?futa
228	pidabuluswa	45	ok	-
229	alimi	134	ok	+|a+?li[mn]i
230	di	4	ok	|di
231	labasp	2	ok	-
232	adafonda	34	ok	++++|a+?da+?[(^0)(*0)(&0)∅]?+?fo[mn]d+?a;++++|a+?da+?[(^0)(*0)(&0)∅]?+?fo[mn]d+?a;++++|a+?da+?[(^0)(*0)(&0)∅]?+?fo[mn]d+?a;++++|a+?da+?[(^0)(*0)(&0)∅]?+?fo[mn]d+?a;++++|a+?da+?[(^0)(*0)(&0)∅]?+?fo[mn]d+?a;++++|a+?da+?[(^0)(*0)(&0)∅]?+?fo[mn]d+?a;++++|a+?da+?[(^0)(*0)(&0)∅]?+?fo[mn]d+?a;+++|a+?da+?fo[mn]d+?a;+++|a+?da+?fo[mn]d+?a;+++|a+?da+?fo[mn]d+?a;+++|a+?da+?fo[mn]d+?a;+++|a+?da+?fo[mn]d+?a;+++|a+?da+?fo[mn]d+?a;+++|a+?da+?fo[mn]d+?a
233	cathu	9	ok	+|ca+?(th)u
234	anyakutonga	176	ok	-
235	kunsingirira	403	ok	-
236	piringan	118	ok	-
237	athamangisa	335	ok	++++|a+?[(^0)(*0)(&0)∅]?+?(th)a[mn]a[mn]g+?is+?a;+++|a+?(th)a[mn]a[mn]g+?is+?a
238	gurumbiza	7	ok	-
239	nonlabialaspirated	15	ok	-
240	doesn't	0	SKIPPED	-
241	anenda	33	ok	+++|a+?[mn]+?e[mn]d+?a;+++|a+?[mn]+?e[mn]d+?a;+++|a+?[mn]+?e[mn]d+?a;+++|a+?[mn]+?e[mn]d+?a
242	nsunga	16	ok	+|[(^0)(*0)(&0)∅]?+?[mn]su[mn]ga;+|[(^0)(*0)(&0)∅]?+?[mn]su[mn]ga
243	andizungulira	2857	ok	++++|a+?[(^0)(*0)(&0)∅]?+?[mn]di+?zu[mn]gulir+?a;++++|a+?[(^0)(*0)(&0)∅]?+?[mn]di+?zu[mn]gulir+?a;+++|a+?[mn]di+?zu[mn]gulir+?a;+++|a+?[mn]di+?zu[mn]gulir+?a;+++|a+?[mn]di+?zu[mn]gulir+?a
244	pidamuona	65	ok	++++|pi+?da+?[mn]u+?o[mn]+?a;++++|pi+?da+?[mn]u+?o[mn]+?a
245	yamangwa	140	ok	+++++|y+?a+?[(^0)(*0)(&0)∅]?+?[mn]a[mn]g+?w+?a;++++|y+?a+?[mn]a[mn]g+?w+?a
246	in	1	ok	+|i+?[mn]
247	staying	2	ok	-
248	akhacitira	272	ok	+++++|a+?(kh)a+?[(^0)(*0)(&0)∅]?+?cit+?ir+?a;+++++|a+?(kh)a+?[(^0)(*0)(&0)∅]?+?cit+?ir+?a;+++++|a+?(kh)a+?[(^0)(*0)(&0)∅]?+?cit+?ir+?a;++++|a+?(kh)a+?cit+?ir+?a;++++|a+?(kh)a+?cit+?ir+?a;++++|a+?(kh)a+?cit+?ir+?a
249	anyanyiratu	74	ok	-
250	seek	11	ok	-
251	n'kate	0	SKIPPED	-
252	zixanu	6	ok	++|zi+?[(^0)(*0)(&0)∅]?+?xa[mn]u;++|zi+?[(^0)(*0)(&0)∅]?+?xa[mn]u;++|zi+?[(^0)(*0)(&0)∅]?+?xa[mn]u;++|zi+?[(^0)(*0)(&0)∅]?+?xa[mn]u
253	izo	8	ok	|izo
254	udawe	18	ok	+++|u+?[(^0)(*0)(&0)∅]?+?daw+?e;+++|u+?[(^0)(*0)(&0)∅]?+?daw+?e;+++|u+?[(^0)(*0)(&0)∅]?+?daw+?e;++|u+?daw+?e;++|u+?daw+?e;++|u+?daw+?e
255	pedzi	54	ok	+|[(^0)(*0)(&0)∅]?+?pe(dz)i;+|[(^0)(*0)(&0)∅]?+?pe(dz)i;|pe(dz)i
256	ikhadagumanikana	2386	ok	+++++++|i+?(kh)a+?da+?[(^0)(*0)(&0)∅]?+?gu[mn]a[mn]+?ik+?a[mn]+?a;++++++|i+?(kh)a+?da+?[(^0)(*0)(&0)∅]?+?gu[mn]a[mn]ik+?a[mn]+?a;++++++|i+?(kh)a+?da+?gu[mn]a[mn]+?ik+?a[mn]+?a;+++++|i+?(kh)a+?da+?gu[mn]a[mn]ik+?a[mn]+?a
257	pinati	73	ok	++|pi+?[mn]a+?ti
258	pidabiswa	30	ok	-
259	andidawisira	11441	TIMEOUT	-
260	anag'ono	0	SKIPPED	-
261	n'zulu	0	SKIPPED	-
262	pfunzani	110	ok	+++|[(^0)(*0)(&0)∅]?+?(pf)u[mn]z+?a[mn]+?i;+++|[(^0)(*0)(&0)∅]?+?(pf)u[mn]z+?a[mn]+?i;+++|[(^0)(*0)(&0)∅]?+?(pf)u[mn]z+?a[mn]+?i;+++|[(^0)(*0)(&0)∅]?+?(pf)u[mn]z+?a[mn]+?i
263	ambvera	205	ok	++++|a+?[mn]+?(bv)+?er+?a;++++|a+?[mn]+?(bv)+?er+?a;+++|a+?[mn]+?(bv)er+?a;+++|a+?[mn]+?(bv)er+?a
264	anowo	280	ok	-
265	judeya	6	ok	-
266	vinyu	2	ok	+|[(^0)(*0)(&0)∅]?+?vi[mn]yu;+|[(^0)(*0)(&0)∅]?+?vi[mn]yu
267	uso	15	ok	++|u+?[(^0)(*0)(&0)∅]?+?so;++|u+?[(^0)(*0)(&0)∅]?+?so;+|u+?so
268	adzice	5	ok	+|a+?(dz)ice
269	ntolo	25	ok	+|[mn]+?tolo;+|[mn]+?tolo;+|[mn]+?tolo;+|[mn]+?tolo
270	secondário	0	SKIPPED	-
271	masikati	108	ok	++|[mn]a+?[(^0)(*0)(&0)∅]?+?sikati;++|[mn]a+?[(^0)(*0)(&0)∅]?+?sikati;+|[mn]a+?sikati
272	anadza	36	ok	++++|a+?[mn]a+?[(^0)(*0)(&0)∅]?+?(dz)+?a;++++|a+?[mn]a+?[(^0)(*0)(&0)∅]?+?(dz)+?a;++++|a+?[mn]a+?[(^0)(*0)(&0)∅]?+?(dz)+?a;+++|a+?[mn]a+?(dz)+?a;+++|a+?[mn]a+?(dz)+?a;+++|a+?[mn]a+?(dz)+?a
273	adakutumira	949	ok	+++++|a+?da+?ku+?tu[mn]+?ir+?a;+++++|a+?da+?ku+?tu[mn]+?ir+?a;+++++|a+?da+?ku+?tu[mn]+?ir+?a;+++++|a+?da+?ku+?tu[mn]+?ir+?a;+++++|a+?da+?ku+?tu[mn]+?ir+?a;+++++|a+?da+?ku+?tu[mn]+?ir+?a;+++++|a+?da+?ku+?tu[mn]+?ir+?a;+++++|a+?da+?ku+?tu[mn]+?ir+?a;+++++|a+?da+?ku+?tu[mn]+?ir+?a;+++++|a+?da+?ku+?tu[mn]+?ir+?a;+++++|a+?da+?ku+?tu[mn]+?ir+?a;+++++|a+?da+?ku+?tu[mn]+?ir+?a;+++++|a+?da+?ku+?tu[mn]+?ir+?a;+++++|a+?da+?ku+?tu[mn]+?ir+?a;+++++|a+?da+?ku+?tu[mn]+?ir+?a;+++++|a+?da+?ku+?tu[mn]+?ir+?a;+++++|a+?da+?ku+?tu[mn]+?ir+?a;+++++|a+?da+?ku+?tu[mn]+?ir+?a;+++++|a+?da+?ku+?tu[mn]+?ir+?a;+++++|a+?da+?ku+?tu[mn]+?ir+?a;+++++|a+?da+?ku+?tu[mn]+?ir+?a;+++++|a+?da+?ku+?tu[mn]+?ir+?a;+++++|a+?da+?ku+?tu[mn]+?ir+?a;+++++|a+?da+?ku+?tu[mn]+?ir+?a;+++++|a+?da+?ku+?tu[mn]+?ir+?a;+++++|a+?da+?ku+?tu[mn]+?ir+?a;+++++|a+?da+?ku+?tu[mn]+?ir+?a;+++++|a+?da+?ku+?tu[mn]+?ir+?a;+++++|a+?da+?ku+?tu[mn]+?ir+?a;+++++|a+?da+?ku+?tu[mn]+?ir+?a;+++++|a+?da+?ku+?tu[mn]+?ir+?a;+++++|a+?da+?ku+?tu[mn]+?ir+?a;+++++|a+?da+?ku+?tu[mn]+?ir+?a;+++++|a+?da+?ku+?tu[mn]+?ir+?a;+++++|a+?da+?ku+?tu[mn]+?ir+?a;+++++|a+?da+?ku+?tu[mn]+?ir+?a;+++++|a+?da+?ku+?tu[mn]+?ir+?a;+++++|a+?da+?ku+?tu[mn]+?ir+?a;+++++|a+?da+?ku+?tu[mn]+?ir+?a;+++++|a+?da+?ku+?tu[mn]+?ir+?a;+++++|a+?da+?ku+?tu[mn]+?ir+?a;+++++|a+?da+?ku+?tu[mn]+?ir+?a
274	mbakhaena	59	ok	-
275	adasakhulirwa	1111	ok	-
276	li	5	ok	-
277	ndakupasani	2149	ok	+++++|[mn]+?da+?ku+?pas+?a+?[mn]i;+++++|[mn]+?da+?ku+?pas+?a+?[mn]i;+++++|[mn]+?da+?ku+?pas+?a+?[mn]i;+++++|[mn]+?da+?ku+?pas+?a+?[mn]i;+++++|[mn]+?da+?ku+?pas+?a+?[mn]i;+++++|[mn]+?da+?ku+?pas+?a+?[mn]i;+++++|[mn]+?da+?ku+?pas+?a+?[mn]i;+++++|[mn]+?da+?ku+?pas+?a+?[mn]i;+++++|[mn]+?da+?ku+?pas+?a+?[mn]i;+++++|[mn]+?da+?ku+?pas+?a+?[mn]i;+++++|[mn]+?da+?ku+?pas+?a+?[mn]i;+++++|[mn]+?da+?ku+?pas+?a+?[mn]i;+++++|[mn]d+?a+?ku+?pas+?a+?[mn]i;+++++|[mn]d+?a+?ku+?pas+?a+?[mn]i;+++++|[mn]d+?a+?ku+?pas+?a+?[mn]i
278	nkumbi	219	ok	++|[mn]+?ku[mn]b+?i;++|[mn]+?ku[mn]b+?i;++|[mn]+?ku[mn]b+?i;++|[mn]+?ku[mn]b+?i;++|[mn]+?ku[mn]b+?i;+|[mn]+?ku[mn]bi;+|[mn]+?ku[mn]bi;+|[mn]+?ku[mn]bi;+|[mn]+?ku[mn]bi;+|[mn]+?ku[mn]bi;+|[mn]+?ku[mn]bi;+|[mn]+?ku[mn]bi
279	ratarato	11	ok	-
280	tsato	11	ok	+|[(^0)(*0)(&0)∅]?+?(ts)ato;+|[(^0)(*0)(&0)∅]?+?(ts)ato;+|[(^0)(*0)(&0)∅]?+?(ts)ato;+|[(^0)(*0)(&0)∅]?+?(ts)ato
281	mbamupiona	333	ok	-
282	atumi	104	ok	++|a+?tu[mn]+?i;++|a+?tu[mn]+?i
283	musaisanduza	125	ok	++++|[mn]u+?sa+?i+?sa[mn]duz+?a;++++|[mn]u+?sa+?i+?sa[mn]duz+?a
284	panga	19	ok	++|p+?a+?[mn]ga;++|pa+?[(^0)(*0)(&0)∅]?+?[mn]ga;++|pa+?[(^0)(*0)(&0)∅]?+?[mn]ga;+|[(^0)(*0)(&0)∅]?+?pa[mn]ga;+|[(^0)(*0)(&0)∅]?+?pa[mn]ga;+|[(^0)(*0)(&0)∅]?+?pa[mn]ga;+|pa+?[mn]ga
285	mbanawa	250	ok	-
286	upfunzisi	160	ok	++++|u+?[(^0)(*0)(&0)∅]?+?(pf)u[mn]z+?is+?i;++++|u+?[(^0)(*0)(&0)∅]?+?(pf)u[mn]z+?is+?i;++++|u+?[(^0)(*0)(&0)∅]?+?(pf)u[mn]z+?is+?i;++++|u+?[(^0)(*0)(&0)∅]?+?(pf)u[mn]z+?is+?i;+++|u+?(pf)u[mn]z+?is+?i;+++|u+?[(^0)(*0)(&0)∅]?+?(pf)u[mn]zis+?i;+++|u+?[(^0)(*0)(&0)∅]?+?(pf)u[mn]zis+?i;+++|u+?[(^0)(*0)(&0)∅]?+?(pf)u[mn]zis+?i;+++|u+?[(^0)(*0)(&0)∅]?+?(pf)u[mn]zis+?i;++|u+?(pf)u[mn]zis+?i;++|u+?[(^0)(*0)(&0)∅]?+?(pf)u[mn]zisi;++|u+?[(^0)(*0)(&0)∅]?+?(pf)u[mn]zisi;++|u+?[(^0)(*0)(&0)∅]?+?(pf)u[mn]zisi;+|u+?(pf)u[mn]zisi
287	em	1	ok	-
288	aansia	83	ok	-
289	wacita	15	ok	++++|w+?a+?[(^0)(*0)(&0)∅]?+?cit+?a;+++|w+?a+?cit+?a;+++|wa+?[(^0)(*0)(&0)∅]?+?cit+?a;++|wa+?cit+?a
290	mban'cemeresa	0	SKIPPED	-
291	asagasira	251	ok	+++++|a+?sa+?[(^0)(*0)(&0)∅]?+?gas+?ir+?a;+++++|a+?sa+?[(^0)(*0)(&0)∅]?+?gas+?ir+?a;+++++|a+?sa+?[(^0)(*0)(&0)∅]?+?gas+?ir+?a;++++|a+?sa+?gas+?ir+?a;++++|a+?sa+?gas+?ir+?a;++++|a+?sa+?gas+?ir+?a
292	unakhala	43	ok	++++|u+?[mn]a+?[(^0)(*0)(&0)∅]?+?(kh)al+?a;++++|u+?[mn]a+?[(^0)(*0)(&0)∅]?+?(kh)al+?a;++++|u+?[mn]a+?[(^0)(*0)(&0)∅]?+?(kh)al+?a;+++|u+?[mn]a+?(kh)al+?a;+++|u+?[mn]a+?(kh)al+?a;+++|u+?[mn]a+?(kh)al+?a
293	ndzimu	4	ok	-
294	akhonda	13	ok	+++|a+?[(^0)(*0)(&0)∅]?+?(kh)o[mn]d+?a;++|a+?(kh)o[mn]d+?a
295	mbaayikha	50	ok	-
296	akumbizwa	195	ok	-
297	piposi	35	ok	++|pi+?[(^0)(*0)(&0)∅]?+?posi;++|pi+?[(^0)(*0)(&0)∅]?+?posi;+|pi+?posi
298	lambane	5	ok	-
299	idagwa	59	ok	++++|i+?da+?[(^0)(*0)(&0)∅]?+?gw+?a;++++|i+?da+?[(^0)(*0)(&0)∅]?+?gw+?a;++++|i+?da+?[(^0)(*0)(&0)∅]?+?gw+?a;++++|i+?da+?[(^0)(*0)(&0)∅]?+?gw+?a;+++|i+?da+?gw+?a;+++|i+?da+?gw+?a;+++|i+?da+?gw+?a;+++|i+?da+?gw+?a
