diwo	no-parse	-
akhabweka	ok	3S+1-IMP-confessar-IND;3S+1-IMP-3S+1-falar-IND;3P+2-IMP-3S+1-confessar-IND;3P+2-IMP-falar-IND;3P+2-IMP-3S+1-roubar-PAS-NEU-IND;3P+2-IMP-confessar-IND;6-IMP-roubar-PAS-NEU-IND;6-IMP-3S+1-roubar-PAS-NEU-IND;6-IMP-3S+1-confessar-IND;3P+2-IMP-roubar-PAS-NEU-IND;3P+2-IMP-3S+1-falar-IND;6-IMP-3S+1-falar-IND;3S+1-IMP-3S+1-confessar-IND;6-IMP-falar-IND;3S+1-IMP-3S+1-roubar-PAS-NEU-IND;6-IMP-confessar-IND;3S+1-IMP-falar-IND;3S+1-IMP-roubar-PAS-NEU-IND
anango	ok	2-amarrar-acção;6-outra;2-outra
bweka	no-parse	-
kalani	no-parse	-
kukudziwani	SKIPPED_PATHOLOGICAL	-
kuphataniza	ok	INF-ligar-IND;INF-3S+1-ligar-IND
agumana	ok	ele+PST-3S+1-encontrar-IND;ele+PST-encontrar-IND
kapulumuka	ok	PURP-salvar-IND;PURP-3S+1-salvar-IND
ano	ok	2-ter-acção;2-dente
kutawirirwa	ok	INF-responder-APPLIC-PAS-IND;INF-3S+1-responder-APPLIC-PAS-IND
kundisandukira	SKIPPED_PATHOLOGICAL	-
aena	no-parse	-
kutonga	ok	INF-reinar-IND;INF-3S+1-reinar-IND
anyakupipoloza	no-parse	-
kunakhonda	ok	17-NONPST-recusar-IND;15-NONPST-3S+1-recusar-IND;17-NONPST-3S+1-recusar-IND;15-NONPST-recusar-IND
mbaani	no-parse	-
kwawo	ok	15-assocpx-d'eles
ikha	no-parse	-
inalonga	no-parse	-
mphale	ok	18-rapaz;10-rapaz;9-rapaz;10-juventude;1-rapaz;9-juventude;18-juventude
zabuloni	no-parse	-
serves	no-parse	-
wamaso	no-parse	-
kunacitirwa	ok	15-NONPST-3S+1-fazer-APPLIC-PAS-IND;15-NONPST-fazer-APPLIC-PAS-IND;17-NONPST-fazer-APPLIC-PAS-IND;17-NONPST-3S+1-fazer-APPLIC-PAS-IND
py	no-parse	-
kueneko	no-parse	-
munabva	ok	2P-NONPST-3S+1-ouvir-IND;18-NONPST-ouvir-IND;2P-NONPST-ouvir-IND;18-NONPST-3S+1-ouvir-IND
kuchita	ok	INF-3S+1-descer-IND;INF-descer-IND
kacita	ok	PURP-fazer-IND;PURP-3S+1-fazer-IND
mankhadzi	ok	1-noivo;10-noivo;6-10-concha;6-9-concha;9-noivo;6-18-concha
kapha	ok	PURP-3S+1-matar-IND;PURP-matar-IND
mbaimenya	ok	COHES-6-4+5+9-bater-IND;COHES-3S+1-4+5+9-bater-IND;COHES-3P+2-4+5+9-bater-IND
mbamudzudzumika	ok	COHES-2P-preoccupado-IND;COHES-3-14-preoccupado-IND;COHES-6-2P-preoccupado-IND;COHES-3S+1-18-preoccupado-IND;COHES-2P-14-preoccupado-IND;COHES-18-3S+1-preoccupado-IND;COHES-3S+1-2P-preoccupado-IND;COHES-18-preoccupado-IND;COHES-3-3-preoccupado-IND;COHES-2P-3S+1-preoccupado-IND;COHES-3P+2-18-preoccupado-IND;COHES-3P+2-2P-preoccupado-IND;COHES-2P-3-preoccupado-IND;COHES-6-18-preoccupado-IND
kuntunda	ok	17-9-terra seca;17-18-terra seca;17-3-terra seca;17-10-terra seca
mbikhonda	ok	COHES-1S-recusar-IND;COHES-4+5+9-recusar-IND;COHES-1S-3S+1-recusar-IND;COHES-4+5+9-3S+1-recusar-IND
wanga	ok	1-assocpx-1S;3-assocpx-1S
ndikucitireni	ok	1S-2S-fazer-APPLIC-SBJV-PL;1S-17-fazer-APPLIC-SBJV-PL;1S-15-fazer-APPLIC-SBJV-PL
cilemedzo	ok	7-9-respeitar-acção;7-respeitar-acção;7-10-respeitar-acção
kaoneka	ok	PURP-ver-NEU-IND;PURP-3S+1-ver-NEU-IND
cikhadacita	no-parse	-
mang'anja	no-parse	-
kuphatana	ok	INF-3S+1-pegar-REC-IND;INF-pegar-REC-IND
mathupi	ok	6-5-corpo forma;6-10-corpo forma;6-9-corpo forma;6-corpo forma
khu	no-parse	-
anyakucena	no-parse	-
aoneratu	ok	ele+PST-ver-APPLIC-IND-INTENS;ele+PST-3S+1-ver-APPLIC-IND-INTENS
mabongwe	ok	6-10-babuíno;6-5-babuíno;6-9-babuíno;6-babuíno
ndisakupanga	ok	1S-HAB-15-dizer-IND;1S-HAB-2S-dizer-IND;1S-HAB-17-dizer-IND
acita	ok	ele+PST-3S+1-fazer-IND;ele+PST-fazer-IND
aikhe	ok	6-pôr-SBJV;3P+2-pôr-SBJV;3S+1-pôr-SBJV
anyakuidiwa	SKIPPED_PATHOLOGICAL	-
akukhulupirika	ok	ele+PST-15-confiar-NEU-IND;ele+PST-2S-confiar-NEU-IND;ele+PST-17-confiar-NEU-IND
pidan'gumanawo	no-parse	-
asacitambo	ok	3P+2-HAB-fazer-IND-ADD;3S+1-HAB-fazer-IND-ADD;3S+1-HAB-3S+1-fazer-IND-ADD;6-HAB-fazer-IND-ADD;6-HAB-3S+1-fazer-IND-ADD;3P+2-HAB-3S+1-fazer-IND-ADD
matsuphu	ok	6-5-crista de galo;6-9-crista de galo;6-crista de galo;6-10-crista de galo
aebereu	no-parse	-
kazi	ok	10-costumes;9-costumes;10-mulher;9-mulher;1-mulher
khumi	ok	9-lenha;dez;10-lenha
pironda	ok	8-9-ferida;8-ferida;8-10-ferida
tichululireni	no-parse	-
mwanditambira	SKIPPED_PATHOLOGICAL	-
pulumuk	no-parse	-
nsanza	ok	18-casa elevada;10-casa elevada;9-casa elevada
mwadidi	ok	3-direita;1-direita;18-bom
aacenjedza	ok	6-PASSADO-3S+1-advirtir-IND;3P+2-PASSADO-advirtir-IND;ele+PST-3P+2-advirtir-IND;6-PASSADO-advirtir-IND;3P+2-PASSADO-3S+1-advirtir-IND;3S+1-PASSADO-3S+1-advirtir-IND;3S+1-PASSADO-advirtir-IND;ele+PST-6-advirtir-IND
anfuna	ok	ele+PST-2P-querer-IND;ele+PST-3S+1-querer-IND
zinati	ok	10-6-arvora
tayiwa	no-parse	-
kacikairi	SKIPPED_PATHOLOGICAL	-
amebzala	ok	2-sogra
idasiya	ok	4+5+9-PST2-3S+1-deixar-IND;4+5+9-PLPRF-3S+1-deixar-IND;4+5+9-PLPRF-deixar-IND;4+5+9-PST2-deixar-IND
musaabera	ok	18-HAB-3P+2-roubar-APPLIC-IND;2P-HAB-6-robar alguem-IND;18-HAB-3P+2-robar alguem-IND;2P-HAB-3P+2-roubar-APPLIC-IND;18-HAB-6-roubar-APPLIC-IND;2P-HAB-6-roubar-APPLIC-IND;2P-HAB-3P+2-robar alguem-IND;18-HAB-6-robar alguem-IND
anatambira	ok	3S+1-NONPST-3S+1-sofrer-APPLIC-IND;3S+1-NONPST-receber-IND;3P+2-NONPST-3S+1-receber-IND;3S+1-NONPST-sofrer-APPLIC-IND;6-NONPST-sofrer-APPLIC-IND;6-NONPST-3S+1-sofrer-APPLIC-IND;3P+2-NONPST-receber-IND;3S+1-NONPST-3S+1-receber-IND;6-NONPST-3S+1-receber-IND;3P+2-NONPST-3S+1-sofrer-APPLIC-IND;6-NONPST-receber-IND;3P+2-NONPST-sofrer-APPLIC-IND
makumaxanu	no-parse	-
adafuntu	ok	2-o morto
pagumanika	ok	16-PASSADO-encontrar-NEU-IND;16-PASSADO-existir-IND;16-PASSADO-3S+1-existir-IND;16-PASSADO-3S+1-encontrar-NEU-IND
maputu	ok	6-buchecha;6-5-buchecha;6-10-buchecha;6-9-buchecha
mbakhandya	ok	COHES-3S+1-IMP-3S+1-comer-IND;COHES-6-IMP-3S+1-comer-IND;COHES-3P+2-IMP-3S+1-comer-IND;COHES-3S+1-IMP-2P-comer-IND;COHES-6-IMP-2P-comer-IND;COHES-3P+2-IMP-2P-comer-IND
belizibu	no-parse	-
ibdzi	no-parse	-
mangwana	ok	2P-PASSADO-3S+1-jogar-REC-IND;amanhã;2P-PASSADO-3S+1-cair-REC-IND
masakhu	ok	6-10-saco;6-5-saco;6-saco;6-9-saco
citika	ok	7-9-hiena;7-5-hiena;7-10-hiena
wacitatu	ok	3-PASSADO-3S+1-fazer-IND-INTENS;ele+PST-fazer-IND-INTENS;3-PASSADO-fazer-IND-INTENS;ele+PST-3S+1-fazer-IND-INTENS
ndinakupasa	ok	1S-NONPST-2S-dar-IND;1S-NONPST-15-dar-IND;1S-NONPST-17-dar-IND
nzawo	ok	9-companheiro;1-companheiro;10-companheiro
amulukule	no-parse	-
asabvesera	ok	3S+1-HAB-3S+1-escutar-APPLIC-IND;3P+2-HAB-escutar-APPLIC-IND;6-HAB-3S+1-escutar-APPLIC-IND;3S+1-HAB-escutar-APPLIC-IND;3P+2-HAB-ouvir-CAU-APPLIC-IND;6-HAB-escutar-APPLIC-IND;3S+1-HAB-ouvir-CAU-APPLIC-IND;3P+2-HAB-3S+1-ouvir-CAU-APPLIC-IND;3P+2-HAB-3S+1-escutar-APPLIC-IND;6-HAB-ouvir-CAU-APPLIC-IND;3S+1-HAB-3S+1-ouvir-CAU-APPLIC-IND;6-HAB-3S+1-ouvir-CAU-APPLIC-IND
supada	ok	10-catana;9-catana;5-catana
musapwaza	ok	2P-HAB-desprezar-IND;2P-HAB-3S+1-desprezar-IND;18-HAB-3S+1-desprezar-IND;18-HAB-desprezar-IND
padakhonda	ok	16-PST2-3S+1-recusar-IND;16-PST2-recusar-IND;16-PASSADO-PLPRF-3S+1-recusar-IND;16-PLPRF-recusar-IND;16-PASSADO-PLPRF-recusar-IND;16-PLPRF-3S+1-recusar-IND
ikulu	ok	4+5+9-grande
akhazuwika	no-parse	-
ikhagumanika	ok	4+5+9-IMP-existir-IND;4+5+9-IMP-encontrar-NEU-IND;4+5+9-IMP-3S+1-existir-IND;4+5+9-IMP-3S+1-encontrar-NEU-IND
panayikha	ok	16-NONPST-4+5+9-pôr-IND
kumadokero	ok	17-6-por do sol-APPLIC-acção
ndabvala	ok	1S-PASSADO-vestir-IND;3-PLPRF-3S+1-vestir-IND;2P-PLPRF-3S+1-vestir-IND;3-PST2-vestir-IND;3-PLPRF-vestir-IND;2P-PST2-vestir-IND;2P-PLPRF-vestir-IND;3-PST2-3S+1-vestir-IND;2P-PST2-3S+1-vestir-IND;1S-PASSADO-3S+1-vestir-IND
pikhadka	no-parse	-
zingasi	ok	10-9-acender-NZR;10-3-acender-NZR;10-1-acender-NZR;10-9-acender-NZR;10-10-acender-NZR;10-10-acender-NZR;10-18-acender-NZR
yathu	ok	4+5+9-assocpx-1PL
kugumanya	ok	INF-3S+1-juntar-IND;INF-juntar-IND
note	no-parse	-
ndiwedi	ok	é-tu-EVID;é-tu-EVID;é-tu-EVID;é-tu-EVID
uperekentsembe	no-parse	-
anagumanyikana	ok	3S+1-NONPST-juntar-NEU-REC-IND;3P+2-NONPST-3S+1-juntar-NEU-REC-IND;6-NONPST-juntar-NEU-REC-IND;3P+2-NONPST-juntar-NEU-REC-IND;3S+1-NONPST-3S+1-juntar-NEU-REC-IND;6-NONPST-3S+1-juntar-NEU-REC-IND
anakwangisani	SKIPPED_PATHOLOGICAL	-
tifungulerinimbo	no-parse	-
manyerezero	ok	6-pensar-acção;6-9-pensar-acção;6-10-pensar-acção;6-10-pensamento;6-9-pensamento;6-pensamento
mang	no-parse	-
aantawira	ok	3S+1-PASSADO-2P-responder-IND;3P+2-PASSADO-3S+1-responder-IND;6-PASSADO-3S+1-responder-IND;6-PASSADO-2P-responder-IND;3P+2-PASSADO-2P-responder-IND;3S+1-PASSADO-3S+1-responder-IND
aufuza	ok	ele+PST-3-destruir-IND;ele+PST-14-destruir-IND
munagumanika	SKIPPED_PATHOLOGICAL	-
anakadzi	no-parse	-
pikhanyerezera	ok	8-IMP-pensar-IND;8-IMP-3S+1-pensar-IND
mulomowa	no-parse	-
abaramu	no-parse	-
watani	no-parse	-
mbathaukira	no-parse	-
saka	no-parse	-
kariote	no-parse	-
kaphesa	ok	PURP-3S+1-matar-CAU-IND;PURP-matar-CAU-IND
anakupasani	ok	3P+2-NONPST-2S-dar-IND-PL;3P+2-NONPST-17-dar-IND-PL;3P+2-NONPST-15-dar-IND-PL;3S+1-NONPST-2S-dar-IND-PL;3S+1-NONPST-17-dar-IND-PL;3S+1-NONPST-15-dar-IND-PL;6-NONPST-17-dar-IND-PL;6-NONPST-2S-dar-IND-PL;6-NONPST-15-dar-IND-PL
mbugawika	ok	COHES-2S-dividir-NEU-IND;COHES-3-3S+1-dividir-NEU-IND;COHES-2S-3S+1-dividir-NEU-IND;COHES-14-3S+1-dividir-NEU-IND;COHES-14-dividir-NEU-IND;COHES-3-dividir-NEU-IND
njani	no-parse	-
pimbverere	ok	8-2P-obedecer-APPLIC-SBJV;8-3S+1-obedecer-APPLIC-SBJV
lungula	no-parse	-
andigweza	no-parse	-
ninivi	no-parse	-
mbadya	ok	COHES-3S+1-comer-IND;COHES-3S+1-3S+1-comer-IND;COHES-3P+2-comer-IND;COHES-3P+2-3S+1-comer-IND;COHES-6-3S+1-comer-IND;COHES-6-comer-IND
m'phya	no-parse	-
nyakatangale	ok	10-flouta;9-flouta;1-flouta
umbwera-umbwera	no-parse	-
infera	no-parse	-
ndhuzi	no-parse	-
anakoya	ok	3P+2-NONPST-guardar-IND;3P+2-NONPST-3S+1-guardar-IND;6-NONPST-3S+1-guardar-IND;3S+1-NONPST-guardar-IND;3S+1-NONPST-3S+1-guardar-IND;6-NONPST-guardar-IND
zioneke	no-parse	-
pandzidzi	ok	16-9-vir-AGN-NZR;16-18-mocho;16-10-altura;16-18-vir-AGN-NZR;16-18-altura;16-1-vir-AGN-NZR;16-3-altura;16-9-mocho;16-10-vir-AGN-NZR;16-3-vir-AGN-NZR;16-9-altura;16-10-mocho
asadwala	ok	3S+1-HAB-ser doente-IND;3P+2-HAB-3S+1-ser doente-IND;6-HAB-ser doente-IND;3S+1-HAB-3S+1-ser doente-IND;3P+2-HAB-ser doente-IND;6-HAB-3S+1-ser doente-IND
uiriwawo	no-parse	-
zace	ok	10-assocpx-d'ele
tambir	no-parse	-
pyace	ok	8-assocpx-d'ele
asakwanisa	ok	6-HAB-conseguir-IND;ele+PST-procurar-PAS-REC-CAU-IND;6-HAB-3S+1-estar satisfeito-CAU-IND;3P+2-HAB-estar satisfeito-CAU-IND;3S+1-HAB-3S+1-conseguir-IND;3S+1-HAB-conseguir-IND;ele+PST-3S+1-procurar-PAS-REC-CAU-IND;3S+1-HAB-estar satisfeito-CAU-IND;6-HAB-3S+1-conseguir-IND;3P+2-HAB-3S+1-estar satisfeito-CAU-IND;6-HAB-estar satisfeito-CAU-IND;3P+2-HAB-3S+1-conseguir-IND;3P+2-HAB-conseguir-IND;3S+1-HAB-3S+1-estar satisfeito-CAU-IND
kulekererwa	no-parse	-
ang'onong'ono	no-parse	-
n'tima	no-parse	-
yatoma	ok	4+5+9-PASSADO-começar-IND;4+5+9-PASSADO-3S+1-começar-IND;4+5+9-PASSADO-1P-ver-IND
zisakhala	ok	10-HAB-ser-IND;10-HAB-3S+1-ser-IND
kanyindirwa	ok	PURP-confiar 2-PAS-IND;PURP-3S+1-confiar 2-PAS-IND
kucenembo	ok	15-blanco-SBJV-ADD;17-blanco-SBJV-ADD;15-3S+1-blanco-SBJV-ADD;17-3S+1-blanco-SBJV-ADD
nkodzi	no-parse	-
ndiizi	no-parse	-
maiwace	no-parse	-
ubodzi	ok	9-unidade;10-unidade
akhathasika	ok	3S+1-IMP-3S+1-estender-IND;6-IMP-3S+1-estender-IND;3P+2-IMP-3S+1-estender-IND;3S+1-IMP-estender-IND;3P+2-IMP-estender-IND;6-IMP-estender-IND
mbasaka	ok	COHES-6-3S+1-procurar-IND;COHES-6-procurar-IND;COHES-3S+1-procurar-IND;COHES-3P+2-3S+1-procurar-IND;COHES-3P+2-procurar-IND;COHES-3S+1-3S+1-procurar-IND
onesa	no-parse	-
pisakwanisika	SKIPPED_PATHOLOGICAL	-
kalonga	no-parse	-
nsuo	no-parse	-
kamero	ok	12-9-ter-APPLIC-acção;12-10-ter-APPLIC-acção;12-ter-APPLIC-acção;12-germinar-acção;12-9-germinar-acção;12-10-germinar-acção
mathangwi	ok	6-5-por causa de;6-10-por causa de;6-9-por causa de;6-por causa de
kutowera	ok	INF-segir atras de-IND;INF-3S+1-segir atras de-IND
kapasana	ok	PURP-dar-REC-IND;PURP-3S+1-dar-REC-IND;12-16-coluna vertebral;12-16-rato
ndinakutumira	ok	1S-NONPST-2S-mentir-APPLIC-IND;1S-NONPST-15-mentir-APPLIC-IND;1S-NONPST-17-mentir-APPLIC-IND;1S-NONPST-17-enviar-APPLIC-IND;1S-NONPST-2S-enviar-APPLIC-IND;1S-NONPST-15-enviar-APPLIC-IND
pinaphezeranji	no-parse	-
mbazinumphira	ok	COHES-6-10-saltar-APPLIC-IND;COHES-3P+2-10-saltar-APPLIC-IND;COHES-10-3S+1-saltar-APPLIC-IND;COHES-10-saltar-APPLIC-IND;COHES-10-4+5+9-saltar-APPLIC-IND;COHES-3S+1-10-saltar-APPLIC-IND
papi	ok	onde?
anyabasa	ok	2-trabalhador
udachita	ok	14-PLPRF-3S+1-descer-IND;14-PST2-3S+1-descer-IND;3-PLPRF-3S+1-descer-IND;2S-PLPRF-3S+1-descer-IND;3-PST2-3S+1-descer-IND;2S-PST2-3S+1-descer-IND;3-PST2-descer-IND;14-PST2-descer-IND;2S-PST2-descer-IND;3-PLPRF-descer-IND;14-PLPRF-descer-IND;2S-PLPRF-descer-IND
nyankhondo	no-parse	-
akhapidziwa	ok	6-IMP-8-vir-PAS-IND;3P+2-IMP-8-vir-PAS-IND;3S+1-IMP-8-vir-PAS-IND;3S+1-IMP-8-saber-IND;6-IMP-8-saber-IND;3P+2-IMP-8-saber-IND
pakumalapenepo	no-parse	-
pingasi	ok	8-18-acender-NZR;8-3-acender-NZR;8-9-acender-NZR;8-1-acender-NZR;8-10-acender-NZR
cipala	ok	7-16-dedo;7-16-pedra
ndibverenimbo	no-parse	-
yawangiratu	ok	4+5+9-PASSADO-3S+1-ter saúde-APPLIC-IND-INTENS;4+5+9-PASSADO-ter saúde-APPLIC-IND-INTENS
tenepa	ok	deste modo
ndisacita	ok	1S-HAB-fazer-IND;1S-HAB-3S+1-fazer-IND
mbabzala	ok	COHES-3S+1-semear-IND;COHES-3P+2-3S+1-semear-IND;COHES-3S+1-3S+1-semear-IND;COHES-6-semear-IND;COHES-3P+2-semear-IND;COHES-6-3S+1-semear-IND
nsua	ok	1-ilha;10-ilha;5-ilha;9-ilha
mbirimi	ok	9-ogulho;10-ogulho
mwandiona	ok	18-PASSADO-3S+1-é-ver-IND;3-PASSADO-é-ver-IND;2P-PASSADO-é-ver-IND;18-PASSADO-3S+1-é-ver-IND;2P-PASSADO-3S+1-é-ver-IND;18-PASSADO-é-ver-IND;2P-PASSADO-3S+1-é-ver-IND;3-PASSADO-3S+1-é-ver-IND;3-PASSADO-é-ver-IND;3-PASSADO-3S+1-é-ver-IND;18-PASSADO-é-ver-IND;2P-PASSADO-é-ver-IND
asirisbza	no-parse	-
asupai	ok	2-polícia
anbva	ok	ele+PST-2P-ouvir-IND;ele+PST-3S+1-ouvir-IND
used	no-parse	-
kaphatana	ok	PURP-pegar-REC-IND;PURP-3S+1-pegar-REC-IND
kudawa	ok	17-milando;INF-pecar-IND;17-10-milando;15-milando;17-9-milando;INF-3S+1-pecar-IND
kasasanhika	no-parse	-
ananbvesatany	no-parse	-
iyo	ok	eles
isaya	no-parse	-
masiku	ok	6-noite;6-9-noite;6-10-noite
agumanye	ok	6-3S+1-juntar-SBJV;3P+2-juntar-SBJV;6-juntar-SBJV;3P+2-3S+1-juntar-SBJV;3S+1-juntar-SBJV;3S+1-3S+1-juntar-SBJV
bvuni	ok	1-colher-NZR;9-pacificador;1-pacificador;5-colher-NZR;10-colher-NZR;9-colher-NZR;10-pacificador
akhantowera	ok	6-IMP-3S+1-segir atras de-IND;3P+2-IMP-2P-segir atras de-IND;3S+1-IMP-3S+1-segir atras de-IND;3S+1-IMP-2P-segir atras de-IND;3P+2-IMP-3S+1-segir atras de-IND;6-IMP-2P-segir atras de-IND
kugwandirwa	ok	INF-cortar-APPLIC-PAS-IND;INF-3S+1-cortar-APPLIC-PAS-IND
timeu	no-parse	-
kaphembera	ok	PURP-3S+1-pedir-APPLIC-IND;PURP-orar-IND;PURP-3S+1-orar-IND;PURP-pedir-APPLIC-IND
mungabva	ok	2P-COND-ouvir-IND;18-COND-3S+1-ouvir-IND;2P-COND-3S+1-ouvir-IND;18-COND-ouvir-IND
pidzindikiro	ok	8-9-sinal;8-9-reconhecer-acção;8-10-reconhecer-acção;8-10-sinal;8-sinal;8-reconhecer-acção
njipi	ok	o que?
nkamwa	ok	9-boca detro;18-boca detro;10-boca interior;9-boca interior;18-boca interior;10-boca detro
anabwa	ok	3P+2-NONPST-roubar-PAS-IND;3S+1-NONPST-3S+1-roubar-PAS-IND;3S+1-NONPST-roubar-PAS-IND;6-NONPST-3S+1-roubar-PAS-IND;3P+2-NONPST-3S+1-roubar-PAS-IND;6-NONPST-roubar-PAS-IND
mbikhala	ok	COHES-4+5+9-3S+1-ser-IND;COHES-4+5+9-ser-IND;COHES-1S-ser-IND;COHES-1S-3S+1-ser-IND
english	no-parse	-
ndinadza	ok	1S-NONPST-3S+1-vir-IND;1S-NONPST-vir-IND
akumbukirwe	ok	6-cavar-separado-APPLIC-PAS-SBJV;3S+1-lembrar-APPLIC-PAS-SBJV;6-3S+1-lembrar-APPLIC-PAS-SBJV;3S+1-3S+1-cavar-separado-APPLIC-PAS-SBJV;6-lembrar-APPLIC-PAS-SBJV;6-3S+1-cavar-separado-APPLIC-PAS-SBJV;3P+2-3S+1-lembrar-APPLIC-PAS-SBJV;3P+2-cavar-separado-APPLIC-PAS-SBJV;3S+1-cavar-separado-APPLIC-PAS-SBJV;3S+1-3S+1-lembrar-APPLIC-PAS-SBJV;3P+2-lembrar-APPLIC-PAS-SBJV;3P+2-3S+1-cavar-separado-APPLIC-PAS-SBJV
wangisira	no-parse	-
munalonga	no-parse	-
mukhacitira	ok	18-IMP-fazer-APPLIC-IND;2P-IMP-3S+1-fazer-APPLIC-IND;2P-IMP-fazer-APPLIC-IND;18-IMP-3S+1-fazer-APPLIC-IND
dzoya	ok	10-cabelo;9-cabelo
mbangudumirisa	no-parse	-
ya	ok	4+5+9-ASSOC
adyesa	ok	ele+PST-comer-CAU-IND;ele+PST-3S+1-comer-CAU-IND
kundiphemba	ok	INF-é-pedir-IND;INF-é-pedir-IND;INF-3S+1-é-pedir-IND;INF-1S-pedir-IND;INF-3S+1-é-pedir-IND
kutisiya	ok	INF-que-deixar-IND;INF-3S+1-que-deixar-IND;INF-1P-deixar-IND
cigamba	no-parse	-
kunyengerera	ok	INF-3S+1-enganhar-IND;INF-enganhar-IND
ndinati	no-parse	-
tora	no-parse	-
anapicepeseka	SKIPPED_PATHOLOGICAL	-
mbamuikha	ok	COHES-2P-14-pôr-IND;COHES-6-por-IND;COHES-3P+2-3S+1-por-IND;COHES-3S+1-por-IND;COHES-6-2P-pôr-IND;COHES-6-3S+1-por-IND;COHES-3S+1-2P-pôr-IND;COHES-3P+2-por-IND;COHES-3S+1-3S+1-por-IND;COHES-2P-pôr-IND;COHES-3P+2-2P-pôr-IND;COHES-3-14-pôr-IND
adasangula	no-parse	-
yamala	ok	4+5+9-PASSADO-acabar-IND;4+5+9-PASSADO-3S+1-acabar-IND
mafuta	ok	6-óleo;6-5-óleo;6-10-óleo;6-9-óleo
pidabuluswa	no-parse	-
alimi	ok	2-lavrador
di	ok	EVID
labasp	no-parse	-
adafonda	ok	3S+1-PLPRF-molhar comida-IND;3P+2-PLPRF-3S+1-molhar comida-IND;ele+PST-PLPRF-3S+1-molhar comida-IND;3P+2-PST2-molhar comida-IND;ele+PST-PLPRF-molhar comida-IND;3S+1-PLPRF-3S+1-molhar comida-IND;3P+2-PST2-3S+1-molhar comida-IND;3P+2-PLPRF-molhar comida-IND;6-PST2-molhar comida-IND;6-PLPRF-molhar comida-IND;3S+1-PST2-3S+1-molhar comida-IND;6-PLPRF-3S+1-molhar comida-IND;3S+1-PST2-molhar comida-IND;6-PST2-3S+1-molhar comida-IND
cathu	ok	coisa-1PL
anyakutonga	no-parse	-
kunsingirira	no-parse	-
piringan	no-parse	-
athamangisa	ok	ele+PST-3S+1-correr-CAU-IND;ele+PST-correr-CAU-IND
gurumbiza	no-parse	-
nonlabialaspirated	no-parse	-
doesn't	no-parse	-
anenda	ok	3P+2-NONPST-ir-IND;3S+1-NONPST-ir-IND;ele+PST-2P-ir-IND;6-NONPST-ir-IND
nsunga	ok	10-fermento;9-fermento
andizungulira	ok	ele+PST-3S+1-é-rodear-IND;ele+PST-é-rodear-IND;ele+PST-3S+1-é-rodear-IND;ele+PST-1S-rodear-IND;ele+PST-é-rodear-IND
pidamuona	ok	8-PST2-2P-ver-IND;8-PLPRF-2P-ver-IND
yamangwa	ok	4+5+9-PASSADO-amarrar-PAS-IND;4+5+9-PASSADO-3S+1-amarrar-PAS-IND
in	ok	4+5+9-ter
staying	no-parse	-
akhacitira	ok	3P+2-IMP-3S+1-fazer-APPLIC-IND;6-IMP-3S+1-fazer-APPLIC-IND;6-IMP-fazer-APPLIC-IND;3S+1-IMP-3S+1-fazer-APPLIC-IND;3S+1-IMP-fazer-APPLIC-IND;3P+2-IMP-fazer-APPLIC-IND
anyanyiratu	no-parse	-
seek	no-parse	-
n'kate	no-parse	-
zixanu	ok	10-10-sexta-feira;10-9-sexta-feira;10-10-quintete;10-9-quintete
izo	ok	eles
udawe	ok	2S-3S+1-pecar-SBJV;3-pecar-SBJV;2S-pecar-SBJV;14-pecar-SBJV;3-3S+1-pecar-SBJV;14-3S+1-pecar-SBJV
pedzi	ok	9-em vão;10-em vão;vazio
ikhadagumanikana	ok	4+5+9-IMP-PLPRF-3S+1-existir-REC-IND;4+5+9-IMP-PLPRF-encontrar-NEU-REC-IND;4+5+9-IMP-PLPRF-existir-REC-IND;4+5+9-IMP-PLPRF-3S+1-encontrar-NEU-REC-IND
pinati	ok	8-6-arvora
pidabiswa	no-parse	-
andidawisira	SKIPPED_PATHOLOGICAL	-
anag'ono	no-parse	-
n'zulu	no-parse	-
pfunzani	ok	1-estudar-REC-NZR;9-estudar-REC-NZR;10-estudar-REC-NZR;5-estudar-REC-NZR
ambvera	ok	ele+PST-3S+1-ouvir-APPLIC-IND;ele+PST-2P-obedecer-IND;ele+PST-3S+1-obedecer-IND;ele+PST-2P-ouvir-APPLIC-IND
anowo	no-parse	-
judeya	no-parse	-
vinyu	ok	9-vinho;10-vinho
uso	ok	14-9-olho;14-olho;14-10-olho
adzice	ok	2-não casada
ntolo	ok	10-bagagem;9-bagagem;18-bagagem;3-bagagem
secondário	no-parse	-
masikati	ok	6-10-tarde;6-9-tarde;6-tarde
anadza	ok	6-NONPST-3S+1-vir-IND;3P+2-NONPST-vir-IND;3P+2-NONPST-3S+1-vir-IND;3S+1-NONPST-vir-IND;6-NONPST-vir-IND;3S+1-NONPST-3S+1-vir-IND
adakutumira	ok	6-PST2-2S-enviar-APPLIC-IND;6-PST2-17-enviar-APPLIC-IND;3S+1-PST2-15-mentir-APPLIC-IND;ele+PST-PLPRF-2S-enviar-APPLIC-IND;ele+PST-PLPRF-17-enviar-APPLIC-IND;3P+2-PLPRF-15-enviar-APPLIC-IND;3P+2-PST2-2S-enviar-APPLIC-IND;3P+2-PST2-17-enviar-APPLIC-IND;ele+PST-PLPRF-15-mentir-APPLIC-IND;3S+1-PLPRF-2S-enviar-APPLIC-IND;3S+1-PLPRF-17-enviar-APPLIC-IND;3P+2-PST2-15-mentir-APPLIC-IND;6-PST2-15-mentir-APPLIC-IND;6-PLPRF-2S-enviar-APPLIC-IND;6-PLPRF-17-enviar-APPLIC-IND;3S+1-PST2-2S-mentir-APPLIC-IND;3S+1-PST2-17-mentir-APPLIC-IND;3S+1-PLPRF-15-mentir-APPLIC-IND;6-PLPRF-15-mentir-APPLIC-IND;6-PST2-2S-mentir-APPLIC-IND;6-PST2-17-mentir-APPLIC-IND;3P+2-PLPRF-2S-enviar-APPLIC-IND;3P+2-PLPRF-17-enviar-APPLIC-IND;ele+PST-PLPRF-2S-mentir-APPLIC-IND;ele+PST-PLPRF-17-mentir-APPLIC-IND;3P+2-PLPRF-15-mentir-APPLIC-IND;3P+2-PST2-2S-mentir-APPLIC-IND;3P+2-PST2-17-mentir-APPLIC-IND;3S+1-PLPRF-2S-mentir-APPLIC-IND;3S+1-PLPRF-17-mentir-APPLIC-IND;6-PLPRF-2S-mentir-APPLIC-IND;6-PLPRF-17-mentir-APPLIC-IND;3P+2-PLPRF-2S-mentir-APPLIC-IND;3S+1-PST2-15-enviar-APPLIC-IND;3P+2-PLPRF-17-mentir-APPLIC-IND;6-PST2-15-enviar-APPLIC-IND;ele+PST-PLPRF-15-enviar-APPLIC-IND;3P+2-PST2-15-enviar-APPLIC-IND;3S+1-PLPRF-15-enviar-APPLIC-IND;3S+1-PST2-17-enviar-APPLIC-IND;3S+1-PST2-2S-enviar-APPLIC-IND;6-PLPRF-15-enviar-APPLIC-IND
mbakhaena	no-parse	-
adasakhulirwa	no-parse	-
li	no-parse	-
ndakupasani	ok	2P-PLPRF-15-dar-IND-PL;2P-PST2-2S-dar-IND-PL;2P-PST2-17-dar-IND-PL;3-PLPRF-15-dar-IND-PL;3-PST2-2S-dar-IND-PL;3-PST2-17-dar-IND-PL;1S-PASSADO-2S-dar-IND-PL;1S-PASSADO-17-dar-IND-PL;2P-PLPRF-2S-dar-IND-PL;2P-PST2-15-dar-IND-PL;2P-PLPRF-17-dar-IND-PL;3-PLPRF-2S-dar-IND-PL;3-PLPRF-17-dar-IND-PL;3-PST2-15-dar-IND-PL;1S-PASSADO-15-dar-IND-PL
nkumbi	ok	10-cavar-NZR;3-mandada;10-palhota;18-palhota;9-mandada;3-cavar-NZR;1-cavar-NZR;9-palhota;10-mandada;18-mandada;9-cavar-NZR;18-cavar-NZR
ratarato	no-parse	-
tsato	ok	5-jibóia;10-jibóia;9-jibóia;1-jibóia
mbamupiona	no-parse	-
atumi	ok	2-mentir-NZR;2-enviar-NZR
musaisanduza	ok	18-HAB-4+5+9-mudar-IND;2P-HAB-4+5+9-mudar-IND
panga	ok	5-bandido;9-bandido;16-10-espinho;16-9-espinho;16-assocpx-1S;16-espinho;10-bandido
mbanawa	no-parse	-
upfunzisi	ok	14-ensinar-NZR;14-5-ensinar-NZR;14-5-estudar-CAU-NZR;14-estudar-CAU-NZR;14-9-estudar-CAU-NZR;14-1-professor;14-10-ensinar-NZR;14-9-ensinar-NZR;14-professor;14-10-professor;14-9-professor;14-1-estudar-CAU-NZR;14-1-ensinar-NZR;14-10-estudar-CAU-NZR
em	no-parse	-
aansia	no-parse	-
wacita	ok	ele+PST-fazer-IND;3-PASSADO-3S+1-fazer-IND;3-PASSADO-fazer-IND;ele+PST-3S+1-fazer-IND
mban'cemeresa	no-parse	-
asagasira	ok	3P+2-HAB-3S+1-acender-APPLIC-IND;6-HAB-3S+1-acender-APPLIC-IND;6-HAB-acender-APPLIC-IND;3P+2-HAB-acender-APPLIC-IND;3S+1-HAB-3S+1-acender-APPLIC-IND;3S+1-HAB-acender-APPLIC-IND
unakhala	ok	3-NONPST-3S+1-ser-IND;2S-NONPST-3S+1-ser-IND;14-NONPST-3S+1-ser-IND;3-NONPST-ser-IND;14-NONPST-ser-IND;2S-NONPST-ser-IND
ndzimu	no-parse	-
akhonda	ok	ele+PST-3S+1-recusar-IND;ele+PST-recusar-IND
mbaayikha	no-parse	-
akumbizwa	no-parse	-
piposi	ok	8-segunda-feira;8-10-segunda-feira;8-9-segunda-feira
lambane	no-parse	-
idagwa	ok	4+5+9-PLPRF-3S+1-jogar-IND;4+5+9-PLPRF-3S+1-cair-IND;4+5+9-PST2-cair-IND;4+5+9-PLPRF-cair-IND;4+5+9-PLPRF-jogar-IND;4+5+9-PST2-3S+1-jogar-IND;4+5+9-PST2-jogar-IND;4+5+9-PST2-3S+1-cair-IND
